searchDate,flightDate,startingAirport,destinationAirport,totalFare,isNonStop,seatsRemaining,totalTravelDistance,isBasicEconomy,days_before_departure,departure_day_of_week,departure_month,search_day_of_week
2022-09-04,2022-09-30,DTW,SFO,311.6,false,9,2606.0,true,26,5,9,0
2022-08-27,2022-09-25,LGA,MIA,98.6,true,7,1104.0,false,29,0,9,6
2022-05-19,2022-06-24,EWR,LAX,587.2,false,5,2543.0,false,36,5,6,4
2022-06-13,2022-07-04,BOS,CLT,122.6,false,9,730.0,true,21,1,7,1
2022-07-07,2022-08-05,JFK,DTW,278.6,true,7,485.0,false,29,5,8,4
2022-06-02,2022-07-20,CLT,PHL,297.1,false,1,457.0,false,48,3,7,4
2022-08-26,2022-09-27,MIA,CLT,200.2,false,7,824.0,true,32,2,9,5
2022-04-23,2022-06-16,MIA,ORD,222.6,false,7,1517.0,false,54,4,6,6
2022-09-02,2022-10-18,DFW,OAK,517.1,false,6,2819.0,false,46,2,10,5
2022-05-06,2022-06-30,OAK,ORD,551.21,false,2,2395.0,false,55,4,6,5
2022-08-25,2022-09-18,ATL,LAX,467.6,false,1,2055.0,false,24,0,9,4
2022-08-22,2022-09-06,MIA,DEN,135.58,false,0,1834.0,false,15,2,9,1
2022-07-22,2022-09-20,EWR,LAX,130.6,false,3,2465.0,false,60,2,9,5
2022-04-30,2022-06-13,ATL,DTW,206.61,false,4,1247.0,false,44,1,6,6
2022-06-13,2022-07-15,BOS,MIA,208.61,true,7,1260.0,false,32,5,7,1
2022-08-13,2022-10-03,ORD,SFO,278.6,true,7,1847.0,false,51,1,10,6
2022-06-15,2022-07-10,ATL,CLT,499.61,false,1,872.0,false,25,0,7,3
2022-06-06,2022-06-07,JFK,DFW,226.1,false,7,1475.0,false,1,2,6,1
2022-08-21,2022-09-08,LAX,JFK,207.61,false,7,2466.0,false,18,4,9,0
2022-07-05,2022-08-13,DTW,SFO,637.6,false,7,2087.0,false,39,6,8,2
2022-04-29,2022-06-20,LAX,PHL,631.2,false,7,2417.0,false,52,1,6,5
2022-07-08,2022-07-19,MIA,PHL,75.58,false,0,1263.0,false,11,2,7,5
2022-07-30,2022-09-13,MIA,DEN,203.6,false,7,1765.0,false,45,2,9,6
2022-05-26,2022-07-07,EWR,OAK,377.58,false,0,2808.0,false,42,4,7,4
2022-06-01,2022-06-18,DEN,DFW,202.6,true,5,650.0,false,17,6,6,3
2022-06-13,2022-06-23,SFO,MIA,798.6,false,9,2731.0,false,10,4,6,1
2022-09-17,2022-10-01,DEN,MIA,187.6,false,3,1834.0,false,14,6,10,6
2022-08-31,2022-09-08,ATL,MIA,138.6,true,9,596.0,true,8,4,9,3
2022-08-28,2022-09-24,MIA,PHL,318.6,false,8,1263.0,false,27,6,9,0
2022-05-26,2022-06-25,DEN,OAK,472.6,false,9,1186.0,false,30,6,6,4
2022-07-24,2022-08-03,DFW,OAK,385.6,false,1,1580.0,false,10,3,8,0
2022-08-02,2022-09-03,JFK,DEN,177.61,false,9,1969.0,true,32,6,9,2
2022-06-25,2022-07-04,LAX,MIA,297.6,false,1,2353.0,false,9,1,7,6
2022-05-30,2022-06-02,DTW,LAX,498.6,false,8,1948.0,false,3,4,6,1
2022-08-14,2022-09-15,DEN,ATL,176.11,false,4,1574.0,false,32,4,9,0
2022-07-25,2022-08-09,DFW,CLT,312.6,false,7,1213.0,false,15,2,8,1
2022-07-13,2022-09-06,DTW,CLT,207.6,false,7,1030.0,false,55,2,9,3
2022-07-26,2022-08-20,MIA,DTW,357.19,false,4,1200.0,false,25,6,8,2
2022-07-19,2022-08-05,CLT,LAX,2666.1,true,1,2121.0,false,17,5,8,2
2022-04-30,2022-05-01,CLT,DFW,243.1,true,1,930.0,false,1,0,5,6
2022-07-27,2022-09-14,DFW,BOS,1344.6,false,7,1565.0,false,49,3,9,3
2022-09-24,2022-11-09,ORD,ATL,111.6,false,9,1482.0,true,46,3,11,6
2022-05-04,2022-06-04,LAX,DEN,203.61,true,9,848.0,false,31,6,6,3
2022-09-16,2022-10-02,BOS,JFK,108.6,true,7,185.0,false,16,0,10,5
2022-07-09,2022-07-12,LAX,ATL,351.6,false,3,1918.0,false,3,2,7,6
2022-09-23,2022-10-11,BOS,LGA,102.6,false,9,627.0,true,18,2,10,5
2022-09-21,2022-10-08,DTW,JFK,689.7,false,9,1055.0,false,17,6,10,3
2022-05-12,2022-07-08,CLT,MIA,321.7,false,9,1649.0,true,57,5,7,4
2022-06-10,2022-07-05,PHL,OAK,627.1,false,4,3050.0,false,25,2,7,5
2022-05-22,2022-07-19,ATL,OAK,381.07,false,0,2412.0,false,58,2,7,0
2022-10-05,2022-10-23,DEN,LGA,277.6,false,5,1634.0,false,18,0,10,3
2022-06-27,2022-07-08,LAX,SFO,490.6,false,0,339.0,false,11,5,7,1
2022-10-03,2022-10-12,CLT,LAX,388.11,false,4,2299.0,false,9,3,10,1
2022-06-16,2022-07-17,LGA,ORD,212.6,true,7,720.0,false,31,0,7,4
2022-06-01,2022-06-19,PHL,LGA,181.6,false,7,465.0,false,18,0,6,3
2022-06-03,2022-06-22,OAK,PHL,857.1,false,9,2755.0,false,19,3,6,5
2022-09-26,2022-10-25,LGA,DFW,137.6,false,7,1430.0,true,29,2,10,1
2022-07-05,2022-08-04,PHL,DTW,857.21,false,7,912.0,false,30,4,8,2
2022-08-11,2022-09-30,DTW,DEN,206.1,false,7,1851.0,true,50,5,9,4
2022-08-03,2022-09-05,BOS,SFO,329.6,true,3,2698.0,false,33,1,9,3
2022-08-10,2022-08-14,LAX,OAK,278.6,true,2,338.0,false,4,0,8,3
2022-07-13,2022-09-06,LAX,OAK,436.1,false,1,1432.0,false,55,2,9,3
2022-10-03,2022-11-18,DEN,LGA,587.09,false,9,1687.0,false,46,5,11,1
2022-09-01,2022-10-07,OAK,JFK,1485.7,false,7,3919.0,false,36,5,10,4
2022-09-16,2022-11-06,LAX,IAD,417.6,false,7,2370.0,false,51,0,11,5
2022-04-19,2022-05-20,CLT,PHL,82.48,true,4,449.0,false,31,5,5,2
2022-09-13,2022-10-02,ATL,PHL,366.1,false,7,677.0,false,19,0,10,2
2022-08-27,2022-09-22,JFK,BOS,88.6,true,4,185.0,false,26,4,9,6
2022-07-23,2022-09-03,PHL,MIA,171.6,false,1,1050.0,false,42,6,9,6
2022-09-06,2022-09-29,ORD,SFO,436.59,false,9,2402.0,false,23,4,9,2
2022-04-26,2022-05-28,DFW,DTW,367.6,false,7,1039.0,false,32,6,5,2
2022-09-14,2022-10-31,OAK,CLT,802.69,false,7,3471.0,false,47,1,10,3
2022-07-15,2022-08-14,ATL,BOS,247.61,false,7,947.0,false,30,0,8,5
2022-04-27,2022-06-10,ATL,OAK,867.11,false,9,2483.0,false,44,5,6,3
2022-10-04,2022-10-09,OAK,MIA,1405.7,false,7,3967.0,false,5,0,10,2
2022-09-14,2022-10-22,PHL,CLT,247.6,false,7,1008.0,false,38,6,10,3
2022-07-24,2022-08-23,MIA,PHL,171.6,false,7,1540.0,false,30,2,8,0
2022-09-21,2022-09-27,ATL,LAX,309.58,false,0,2013.0,false,6,2,9,3
2022-08-01,2022-08-27,DFW,LAX,217.61,false,9,2668.0,true,26,6,8,1
2022-05-26,2022-07-13,CLT,ORD,214.1,true,10,592.0,false,48,3,7,4
2022-08-09,2022-08-11,LAX,SFO,88.6,true,9,339.0,true,2,4,8,2
2022-05-09,2022-05-24,DFW,LAX,401.6,false,7,1807.0,false,15,2,5,1
2022-05-09,2022-05-25,DTW,LAX,328.6,true,2,1985.0,false,16,3,5,1
2022-09-07,2022-09-22,DFW,MIA,305.58,false,0,1289.0,false,15,4,9,3
2022-07-06,2022-08-16,CLT,EWR,232.1,false,3,990.0,false,41,2,8,3
2022-09-10,2022-10-02,JFK,DFW,258.6,true,3,1380.0,false,22,0,10,6
2022-08-28,2022-09-22,LGA,CLT,317.6,false,2,548.0,false,25,4,9,0
2022-07-09,2022-08-31,SFO,LAX,78.6,true,7,339.0,true,53,3,8,6
2022-10-01,2022-11-04,JFK,ORD,537.2,false,9,1168.0,false,34,5,11,6
2022-07-26,2022-08-30,JFK,ORD,101.1,false,7,1137.0,true,35,2,8,2
2022-06-29,2022-08-17,DFW,SFO,405.1,false,7,1555.0,false,49,3,8,3
2022-08-28,2022-09-14,DTW,OAK,807.11,false,1,2110.0,false,17,3,9,0
2022-07-27,2022-08-30,BOS,CLT,358.6,false,7,1454.0,false,34,2,8,3
2022-06-24,2022-08-10,EWR,ORD,102.6,false,9,815.0,true,47,3,8,5
2022-09-14,2022-10-10,LAX,SFO,128.6,true,7,339.0,false,26,1,10,3
2022-06-10,2022-07-22,DFW,LAX,148.59,true,0,1456.0,false,42,5,7,5
2022-07-29,2022-09-24,MIA,DFW,62.59,true,0,1289.0,false,57,6,9,5
2022-07-03,2022-07-31,ORD,SFO,377.6,false,6,1927.0,false,28,0,7,0
2022-05-18,2022-05-26,PHL,DFW,217.58,false,0,1392.0,false,8,4,5,3
2022-05-27,2022-06-20,LGA,DEN,263.6,true,3,1621.0,false,24,1,6,5
2022-07-17,2022-08-22,BOS,ORD,214.6,false,7,1000.0,false,36,1,8,0
2022-07-05,2022-07-13,CLT,PHL,246.1,false,7,1008.0,false,8,3,7,2
2022-07-08,2022-08-04,SFO,JFK,370.1,true,7,2566.0,false,27,4,8,5
2022-05-13,2022-06-02,SFO,MIA,468.6,false,9,2731.0,false,20,4,6,5
2022-07-23,2022-08-16,LAX,SFO,63.6,true,9,339.0,true,24,2,8,6
2022-08-14,2022-09-24,OAK,EWR,309.58,false,0,2881.0,false,41,6,9,0
2022-08-09,2022-08-20,MIA,PHL,360.2,false,2,1263.0,false,11,6,8,2
2022-06-24,2022-08-05,SFO,OAK,461.6,false,9,1187.0,false,42,5,8,5
2022-08-12,2022-09-29,ORD,BOS,125.6,false,9,905.0,true,48,4,9,5
2022-09-10,2022-09-18,BOS,LGA,153.6,true,7,185.0,false,8,0,9,6
2022-06-09,2022-07-21,DEN,PHL,508.6,true,3,1567.0,false,42,4,7,4
2022-06-26,2022-06-29,LAX,DFW,294.6,false,3,1582.0,false,3,3,6,0
2022-06-01,2022-06-08,EWR,PHL,447.19,false,5,1429.0,false,7,3,6,3
2022-07-25,2022-08-01,LAX,ORD,351.6,false,9,1751.0,false,7,1,8,1
2022-09-18,2022-10-15,SFO,LAX,141.59,false,7,1637.0,true,27,6,10,0
2022-06-18,2022-07-01,JFK,SFO,1614.6,true,7,2566.0,false,13,5,7,6
2022-09-26,2022-11-06,DEN,DTW,296.61,true,3,1142.0,false,41,0,11,1
2022-08-28,2022-09-24,DFW,PHL,108.6,false,9,1832.0,true,27,6,9,0
2022-04-23,2022-05-16,SFO,PHL,378.6,true,9,2516.0,false,23,1,5,6
2022-08-10,2022-09-21,LGA,ORD,112.6,false,7,815.0,true,42,3,9,3
2022-09-03,2022-09-08,LGA,BOS,153.6,true,7,185.0,false,5,4,9,6
2022-04-19,2022-05-26,BOS,LGA,168.61,true,9,185.0,false,37,4,5,2
2022-06-20,2022-07-18,SFO,ATL,458.6,true,3,2135.0,false,28,1,7,1
2022-08-02,2022-08-05,MIA,ATL,148.6,true,9,596.0,true,3,5,8,2
2022-05-29,2022-07-14,ORD,DTW,200.6,true,7,240.0,false,46,4,7,0
2022-07-02,2022-08-14,MIA,LAX,772.21,false,6,2539.0,false,43,0,8,6
2022-09-11,2022-10-08,JFK,MIA,143.6,true,7,1104.0,false,27,6,10,0
2022-04-17,2022-05-31,JFK,OAK,516.3,false,9,3464.0,false,44,2,5,0
2022-08-31,2022-09-15,SFO,ATL,407.6,false,3,2193.0,false,15,4,9,3
2022-09-11,2022-10-07,OAK,JFK,551.7,false,7,3917.0,false,26,5,10,0
2022-08-17,2022-09-13,EWR,DEN,208.61,true,3,1621.0,false,27,2,9,3
2022-06-02,2022-06-26,ATL,DEN,423.98,true,4,1207.0,false,24,0,6,4
2022-08-23,2022-10-01,DFW,JFK,215.6,true,7,1380.0,false,39,6,10,2
2022-06-25,2022-07-25,EWR,DEN,367.61,false,7,1948.0,false,30,1,7,6
2022-06-03,2022-07-11,IAD,DEN,437.21,false,5,1842.0,false,38,1,7,5
2022-05-30,2022-06-24,DFW,ATL,279.6,true,7,725.0,false,25,5,6,1
2022-05-30,2022-06-21,LGA,PHL,157.2,false,7,465.0,false,22,2,6,1
2022-04-17,2022-06-15,LGA,BOS,227.2,false,2,1582.0,false,59,3,6,0
2022-05-05,2022-06-17,JFK,MIA,232.6,false,7,1144.0,false,43,5,6,4
2022-04-18,2022-05-14,LAX,ORD,283.6,false,10,2014.0,false,26,6,5,1
2022-07-19,2022-07-25,OAK,DFW,599.1,false,1,1618.0,false,6,1,7,2
2022-04-23,2022-04-29,LGA,DTW,419.6,true,7,485.0,false,6,5,4,6
2022-04-28,2022-06-23,ATL,OAK,334.58,false,0,2412.0,false,56,4,6,4
2022-05-06,2022-05-13,DFW,BOS,247.58,false,0,1565.0,false,7,5,5,5
2022-05-13,2022-06-01,IAD,LGA,446.6,false,9,391.0,false,19,3,6,5
2022-10-02,2022-11-07,JFK,DFW,521.71,false,9,2160.0,false,36,1,11,0
2022-09-14,2022-10-31,OAK,ATL,1081.71,false,7,3175.0,false,47,1,10,3
2022-08-01,2022-08-22,ATL,DFW,278.6,false,9,924.0,false,21,1,8,1
2022-09-19,2022-10-28,CLT,DFW,427.1,false,4,953.0,false,39,5,10,1
2022-07-20,2022-08-03,OAK,BOS,333.6,false,9,2944.0,true,14,3,8,3
2022-07-09,2022-07-17,DEN,PHL,596.6,false,2,2732.0,false,8,0,7,6
2022-05-05,2022-06-11,PHL,CLT,165.61,false,9,952.0,true,37,6,6,4
2022-07-06,2022-08-13,EWR,LAX,424.1,false,7,2671.0,false,38,6,8,3
2022-08-22,2022-09-26,ORD,DFW,201.6,false,7,822.0,true,35,1,9,1
2022-04-22,2022-06-14,MIA,ORD,181.6,false,7,1824.0,false,53,2,6,5
2022-08-01,2022-09-21,DEN,DFW,212.2,false,7,953.0,false,51,3,9,1
2022-05-25,2022-06-27,SFO,BOS,691.59,false,7,2751.0,false,33,1,6,3
2022-07-12,2022-07-17,IAD,DFW,436.6,false,1,1772.0,false,5,0,7,2
2022-05-31,2022-06-21,IAD,BOS,378.1,false,7,1055.0,false,21,2,6,2
2022-09-21,2022-11-01,PHL,MIA,162.6,false,7,1050.0,false,41,2,11,3
2022-07-12,2022-07-16,PHL,DFW,294.6,false,8,1392.0,false,4,6,7,2
2022-05-07,2022-07-05,IAD,LGA,98.6,true,9,221.0,true,59,2,7,6
2022-08-27,2022-10-08,CLT,LAX,416.1,false,7,2171.0,false,42,6,10,6
2022-05-31,2022-06-20,CLT,DEN,667.1,false,9,1647.0,false,20,1,6,2
2022-06-22,2022-07-13,SFO,ORD,416.2,false,7,2092.0,false,21,3,7,3
2022-04-17,2022-05-16,BOS,ATL,218.6,true,7,947.0,false,29,1,5,0
2022-07-07,2022-07-15,CLT,DFW,223.1,false,5,1432.0,false,8,5,7,4
2022-06-16,2022-07-29,MIA,CLT,438.21,false,7,663.0,false,43,5,7,4
2022-06-09,2022-07-14,DTW,LAX,528.6,false,7,2188.0,false,35,4,7,4
2022-06-04,2022-07-27,OAK,IAD,558.6,false,9,2424.0,false,53,3,7,6
2022-06-02,2022-06-15,PHL,SFO,538.19,false,7,2978.0,false,13,3,6,4
2022-09-13,2022-10-19,PHL,LGA,111.6,false,7,465.0,false,36,3,10,2
2022-08-26,2022-10-07,OAK,EWR,481.6,false,7,3069.0,false,42,5,10,5
2022-08-20,2022-08-24,ORD,LAX,361.6,true,9,1745.0,false,4,3,8,6
2022-08-08,2022-08-23,SFO,ORD,390.59,false,9,1933.0,false,15,2,8,1
2022-08-16,2022-09-17,CLT,LGA,80.08,false,0,548.0,false,32,6,9,2
2022-05-29,2022-05-31,ATL,DEN,285.6,true,5,1207.0,false,2,2,5,0
2022-06-22,2022-07-06,PHL,LGA,591.61,false,9,1429.0,false,14,3,7,3
2022-08-11,2022-09-05,DTW,EWR,238.6,true,3,485.0,false,25,1,9,4
2022-07-02,2022-07-05,BOS,JFK,123.61,true,8,185.0,true,3,2,7,6
2022-04-30,2022-06-13,CLT,ORD,186.1,true,7,592.0,false,44,1,6,6
2022-09-11,2022-09-21,ORD,LGA,147.6,false,9,815.0,true,10,3,9,0
2022-06-12,2022-07-28,LGA,IAD,747.1,false,9,1398.0,false,46,4,7,0
2022-05-30,2022-07-05,ORD,EWR,358.6,true,8,720.0,false,36,2,7,1
2022-09-27,2022-10-04,DEN,LGA,137.6,false,7,1694.0,true,7,2,10,2
2022-09-08,2022-09-20,BOS,DFW,367.6,false,3,1976.0,false,12,2,9,4
2022-09-04,2022-09-06,LAX,ATL,361.6,false,7,2345.0,false,2,2,9,0
2022-07-30,2022-08-16,ATL,PHL,247.6,false,3,668.0,false,17,2,8,6
2022-08-28,2022-09-11,SFO,LGA,380.6,false,1,2897.0,false,14,0,9,0
2022-09-25,2022-10-31,PHL,DEN,227.61,false,7,2043.0,false,36,1,10,0
2022-08-22,2022-10-04,PHL,OAK,513.7,false,5,3067.0,false,43,2,10,1
2022-07-03,2022-07-30,ATL,LAX,395.2,false,2,1918.0,false,27,6,7,0
2022-09-14,2022-09-30,MIA,LAX,185.6,false,9,3562.0,true,16,5,9,3
2022-10-05,2022-11-01,LAX,EWR,137.6,true,7,2461.0,false,27,2,11,3
2022-08-28,2022-09-23,LAX,EWR,183.6,true,7,2458.0,false,26,5,9,0
2022-10-01,2022-10-05,ORD,EWR,197.6,false,9,721.0,true,4,3,10,6
2022-05-22,2022-06-03,LAX,DTW,471.6,false,2,2188.0,false,12,5,6,0
2022-09-17,2022-10-16,LAX,ORD,439.58,false,0,1810.0,false,29,0,10,6
2022-07-26,2022-08-23,JFK,MIA,143.6,true,7,1104.0,false,28,2,8,2
2022-09-26,2022-11-04,DTW,JFK,262.2,false,7,975.0,false,39,5,11,1
2022-09-23,2022-11-05,CLT,SFO,194.1,false,9,2588.0,true,43,6,11,5
2022-06-25,2022-07-05,CLT,JFK,207.11,true,7,545.0,false,10,2,7,6
2022-06-20,2022-07-11,ATL,IAD,151.6,true,4,541.0,false,21,1,7,1
2022-05-05,2022-06-20,LAX,ORD,518.59,true,9,1745.0,false,46,1,6,4
2022-04-29,2022-05-15,DFW,ORD,568.6,true,7,799.0,false,16,0,5,5
2022-06-08,2022-07-01,PHL,DFW,478.59,false,9,1392.0,false,23,5,7,3
2022-09-18,2022-09-22,ORD,ATL,215.6,true,7,600.0,false,4,4,9,0
2022-05-21,2022-07-11,DFW,OAK,537.1,false,9,1836.0,false,51,1,7,6
2022-09-03,2022-10-05,DFW,DTW,156.6,false,9,1329.0,true,32,3,10,6
2022-09-01,2022-10-10,ORD,BOS,433.6,true,7,862.0,false,39,1,10,4
2022-07-13,2022-08-29,LGA,DEN,153.6,true,9,1621.0,true,47,1,8,3
2022-05-12,2022-06-27,DEN,LAX,207.6,false,10,960.0,false,46,1,6,4
2022-08-14,2022-08-26,EWR,MIA,226.6,true,7,1104.0,false,12,5,8,0
2022-09-22,2022-10-19,OAK,DTW,418.1,false,6,2635.0,false,27,3,10,4
2022-07-27,2022-08-30,CLT,SFO,161.1,false,9,2588.0,true,34,2,8,3
2022-07-06,2022-07-12,CLT,LGA,191.1,false,7,546.0,false,6,2,7,3
2022-09-23,2022-11-04,ATL,JFK,224.21,false,9,921.0,true,42,5,11,5
2022-09-15,2022-10-01,PHL,DFW,287.6,false,7,1471.0,false,16,6,10,4
2022-09-29,2022-10-15,MIA,DEN,205.6,true,7,1716.0,true,16,6,10,4
2022-09-27,2022-10-07,DFW,LAX,254.58,false,0,1456.0,false,10,5,10,2
2022-05-25,2022-07-20,BOS,EWR,84.6,true,7,185.0,false,56,3,7,3
2022-04-28,2022-06-23,BOS,ORD,168.59,true,9,862.0,true,56,4,6,4
2022-04-21,2022-06-08,LGA,CLT,157.6,false,3,551.0,false,48,3,6,4
2022-05-21,2022-05-22,JFK,MIA,214.6,true,5,1104.0,false,1,0,5,6
2022-09-12,2022-10-01,IAD,LGA,511.61,false,2,1303.0,false,19,6,10,1
2022-07-16,2022-08-07,SFO,DTW,637.21,false,7,2817.0,false,22,0,8,6
2022-05-28,2022-07-08,CLT,SFO,727.1,false,9,2363.0,false,41,5,7,6
2022-09-05,2022-10-04,ATL,LGA,77.6,false,7,762.0,true,29,2,10,1
2022-07-07,2022-08-20,LAX,ORD,194.58,false,0,1810.0,false,44,6,8,4
2022-06-26,2022-07-02,ORD,MIA,161.6,false,4,1688.0,false,6,6,7,0
2022-05-19,2022-05-29,LAX,ATL,326.1,false,7,2349.0,false,10,0,5,4
2022-05-18,2022-05-27,DTW,LAX,208.59,true,0,2233.0,false,9,5,5,3
2022-07-31,2022-09-16,PHL,LGA,478.61,false,7,1693.0,false,47,5,9,0
2022-09-15,2022-10-28,LAX,LGA,389.61,false,7,2573.0,false,43,5,10,4
2022-05-25,2022-06-01,DEN,CLT,212.99,false,4,2016.0,false,7,3,6,3
2022-07-19,2022-08-01,LGA,OAK,806.3,false,1,3115.0,false,13,1,8,2
2022-06-14,2022-06-26,CLT,MIA,180.1,false,7,664.0,false,12,0,6,2
2022-04-21,2022-06-13,DEN,EWR,516.21,false,1,2030.0,false,53,1,6,4
2022-04-25,2022-06-03,BOS,OAK,538.6,false,9,2688.0,false,39,5,6,1
2022-05-18,2022-06-10,JFK,ORD,551.6,false,7,815.0,false,23,5,6,3
2022-08-17,2022-09-16,ORD,LGA,168.61,true,9,720.0,true,30,5,9,3
2022-06-19,2022-06-23,BOS,PHL,228.6,true,2,280.0,false,4,4,6,0
2022-05-12,2022-06-08,CLT,LGA,156.1,false,7,697.0,false,27,3,6,4
2022-06-20,2022-06-28,DTW,LAX,486.6,false,6,2501.0,false,8,2,6,1
2022-05-09,2022-06-20,OAK,DFW,298.58,false,0,2025.0,false,42,1,6,1
2022-05-27,2022-06-15,EWR,DEN,758.6,false,9,1627.0,false,19,3,6,5
2022-08-25,2022-09-08,DEN,MIA,224.6,false,7,2725.0,false,14,4,9,4
2022-06-18,2022-08-07,LAX,BOS,567.1,false,7,2849.0,false,50,0,8,6
2022-04-25,2022-06-22,MIA,LAX,298.6,false,7,2330.0,false,58,3,6,1
2022-08-26,2022-10-08,MIA,DEN,386.6,false,9,1803.0,false,43,6,10,5
2022-06-09,2022-06-12,BOS,DFW,417.6,false,1,1583.0,false,3,0,6,4
2022-05-12,2022-07-06,ORD,CLT,279.6,true,7,592.0,false,55,3,7,4
2022-08-20,2022-09-12,LAX,DEN,227.6,false,7,960.0,false,23,1,9,6
2022-07-31,2022-09-15,ATL,BOS,146.1,false,2,956.0,false,46,4,9,0
2022-07-25,2022-09-16,BOS,MIA,213.6,true,7,1260.0,false,53,5,9,1
2022-05-22,2022-05-30,ATL,PHL,346.11,false,3,677.0,false,8,1,5,0
2022-09-01,2022-09-02,LAX,DEN,244.6,true,9,848.0,false,1,5,9,4
2022-08-01,2022-09-14,LAX,SFO,148.6,true,9,339.0,false,44,3,9,1
2022-09-30,2022-10-07,ORD,IAD,350.1,false,5,919.0,false,7,5,10,5
2022-05-13,2022-05-24,LGA,SFO,522.6,false,7,2883.0,false,11,2,5,5
2022-08-02,2022-08-26,LAX,DEN,246.6,false,2,2215.0,false,24,5,8,2
2022-05-19,2022-05-21,ORD,ATL,200.6,false,10,1788.0,false,2,6,5,4
2022-09-10,2022-10-24,LAX,ATL,338.6,false,1,2836.0,false,44,1,10,6
2022-09-25,2022-10-20,LAX,MIA,461.6,false,7,3562.0,false,25,4,10,0
2022-09-04,2022-09-05,ATL,CLT,408.6,true,9,228.0,false,1,1,9,0
2022-07-08,2022-09-01,ATL,DEN,278.6,true,9,1207.0,false,55,4,9,5
2022-08-12,2022-08-26,BOS,IAD,97.6,false,9,406.0,true,14,5,8,5
2022-06-06,2022-06-20,BOS,DEN,667.6,false,3,2154.0,false,14,1,6,1
2022-04-25,2022-05-11,LGA,DFW,93.6,true,7,1380.0,false,16,3,5,1
2022-05-10,2022-05-12,LGA,BOS,349.61,false,5,1582.0,false,2,4,5,2
2022-08-17,2022-08-29,PHL,DTW,472.1,false,9,1348.0,false,12,1,8,3
2022-05-13,2022-06-09,SFO,CLT,907.1,false,2,2536.0,false,27,4,6,5
2022-09-29,2022-10-06,PHL,OAK,611.07,false,7,3067.0,false,7,4,10,4
2022-07-21,2022-07-30,LAX,DFW,268.6,false,6,1242.0,false,9,6,7,4
2022-09-12,2022-09-13,OAK,MIA,267.6,false,4,2674.0,true,1,2,9,1
2022-04-28,2022-05-19,DFW,JFK,477.61,false,9,1487.0,false,21,4,5,4
2022-07-15,2022-08-06,DEN,LAX,218.6,true,9,848.0,false,22,6,8,5
2022-09-03,2022-09-06,IAD,DTW,184.6,false,1,1145.0,false,3,2,9,6
2022-04-19,2022-05-03,SFO,ORD,341.11,false,4,2598.0,false,14,2,5,2
2022-07-28,2022-08-19,LGA,ORD,117.6,false,1,815.0,false,22,5,8,4
2022-08-16,2022-09-02,IAD,JFK,414.6,false,7,591.0,false,17,5,9,2
2022-05-06,2022-05-18,JFK,LAX,337.6,false,4,2618.0,false,12,3,5,5
2022-09-18,2022-11-04,MIA,BOS,108.6,true,7,1260.0,false,47,5,11,0
2022-06-24,2022-07-19,DEN,JFK,267.6,false,3,1627.0,false,25,2,7,5
2022-05-27,2022-06-03,DFW,CLT,349.58,false,0,1065.0,false,7,5,6,5
2022-08-14,2022-09-05,DEN,CLT,563.6,true,7,1346.0,false,22,1,9,0
2022-05-06,2022-06-07,IAD,SFO,536.6,false,7,2645.0,false,32,2,6,5
2022-08-03,2022-09-15,BOS,MIA,147.6,false,9,1289.0,true,43,4,9,3
2022-09-22,2022-10-12,ORD,LAX,219.6,true,5,1745.0,false,20,3,10,4
2022-09-12,2022-10-08,ATL,DTW,50.59,true,0,840.0,false,26,6,10,1
2022-07-12,2022-07-24,IAD,PHL,521.59,false,9,1208.0,false,12,0,7,2
2022-04-21,2022-06-02,PHL,ORD,274.6,false,4,687.0,false,42,4,6,4
2022-04-22,2022-05-03,ATL,ORD,249.68,false,0,844.0,false,11,2,5,5
2022-10-04,2022-11-15,CLT,EWR,130.1,true,9,538.0,true,42,2,11,2
2022-05-09,2022-05-24,DFW,CLT,264.6,false,1,953.0,false,15,2,5,1
2022-04-18,2022-06-02,EWR,LAX,365.6,false,7,3443.0,false,45,4,6,1
2022-08-11,2022-09-12,DEN,EWR,313.6,true,9,1621.0,false,32,1,9,4
2022-06-02,2022-06-26,SFO,EWR,865.61,false,9,2897.0,false,24,0,6,4
2022-06-16,2022-08-04,LAX,BOS,532.2,false,7,2643.0,false,49,4,8,4
2022-08-31,2022-10-04,DFW,CLT,446.6,false,7,1925.0,false,34,2,10,3
2022-07-27,2022-08-15,IAD,PHL,430.2,false,3,838.0,false,19,1,8,3
2022-09-17,2022-10-01,DEN,JFK,581.6,false,6,1948.0,false,14,6,10,6
2022-09-16,2022-09-18,DEN,SFO,528.6,true,2,954.0,false,2,0,9,5
2022-09-23,2022-10-25,LAX,JFK,253.61,true,3,2458.0,false,32,2,10,5
2022-04-27,2022-06-09,LGA,MIA,203.61,true,7,1104.0,false,43,4,6,3
2022-07-30,2022-08-17,ATL,SFO,211.61,false,7,3645.0,false,18,3,8,6
2022-09-04,2022-10-09,LAX,CLT,528.6,false,2,3003.0,false,35,0,10,0
2022-07-25,2022-09-22,EWR,LAX,267.6,false,7,2465.0,false,59,4,9,1
2022-04-17,2022-05-11,LGA,ATL,197.6,false,9,1320.0,false,24,3,5,0
2022-06-01,2022-06-16,LGA,OAK,691.7,false,1,2589.0,false,15,4,6,3
2022-05-29,2022-06-01,LGA,DEN,147.6,false,1,2030.0,false,3,3,6,0
2022-05-13,2022-05-22,IAD,LGA,521.61,false,9,523.0,false,9,0,5,5
2022-08-12,2022-09-15,BOS,LAX,254.61,true,7,2606.0,false,34,4,9,5
2022-04-19,2022-05-13,PHL,LAX,452.6,false,7,2417.0,false,24,5,5,2
2022-06-30,2022-08-04,PHL,JFK,531.6,false,9,1429.0,false,35,4,8,4
2022-07-07,2022-07-17,JFK,OAK,768.6,false,8,2796.0,false,10,0,7,4
2022-04-30,2022-05-29,ORD,LAX,491.6,false,7,2679.0,false,29,0,5,6
2022-05-23,2022-06-02,LGA,CLT,308.6,true,7,545.0,false,10,4,6,1
2022-07-22,2022-09-20,EWR,DFW,103.58,false,0,1480.0,false,60,2,9,5
2022-07-08,2022-08-29,EWR,DFW,458.6,false,9,1487.0,false,52,1,8,5
2022-04-24,2022-05-09,SFO,BOS,267.21,false,9,3168.0,true,15,1,5,0
2022-09-16,2022-09-30,PHL,LAX,230.58,false,0,2491.0,false,14,5,9,5
2022-05-07,2022-06-14,ATL,EWR,247.6,false,4,1700.0,false,38,2,6,6
2022-08-31,2022-09-07,LAX,BOS,300.6,false,9,2844.0,true,7,3,9,3
2022-05-28,2022-05-31,BOS,LGA,93.6,true,9,185.0,true,3,2,5,6
2022-07-05,2022-08-21,LAX,EWR,458.6,true,9,2470.0,false,47,0,8,2
2022-07-17,2022-08-11,LAX,ATL,158.59,true,0,2030.0,false,25,4,8,0
2022-08-14,2022-09-16,SFO,MIA,451.6,false,7,3670.0,false,33,5,9,0
2022-06-03,2022-07-15,EWR,IAD,123.61,true,9,221.0,true,42,5,7,5
2022-06-04,2022-07-29,DFW,LAX,427.7,false,3,1617.0,false,55,5,7,6
2022-04-25,2022-06-07,ATL,SFO,528.6,true,9,2135.0,false,43,2,6,1
2022-07-31,2022-09-13,LAX,CLT,226.6,false,7,2365.0,false,44,2,9,0
2022-08-03,2022-09-10,OAK,DFW,76.99,false,0,2025.0,false,38,6,9,3
2022-08-19,2022-08-31,MIA,DEN,336.6,false,7,1765.0,false,12,3,8,5
2022-09-02,2022-09-23,LGA,CLT,327.2,false,7,913.0,false,21,5,9,5
2022-08-12,2022-09-20,JFK,ORD,505.1,false,9,1137.0,false,39,2,9,5
2022-09-05,2022-10-04,DEN,PHL,133.99,false,4,2732.0,false,29,2,10,1
2022-05-30,2022-06-29,JFK,DEN,527.21,false,9,1623.0,false,30,3,6,1
2022-05-25,2022-07-10,DFW,DEN,248.6,true,6,650.0,false,46,0,7,3
2022-07-07,2022-07-24,DFW,JFK,571.71,false,9,1590.0,false,17,0,7,4
2022-10-03,2022-11-19,MIA,DEN,327.6,false,3,1834.0,false,47,6,11,1
2022-05-27,2022-07-13,JFK,SFO,618.6,true,7,2566.0,false,47,3,7,5
2022-07-02,2022-08-30,BOS,SFO,501.6,false,5,3168.0,false,59,2,8,6
2022-06-18,2022-08-17,CLT,LGA,160.1,false,7,564.0,false,60,3,8,6
2022-05-03,2022-06-29,MIA,CLT,202.58,false,0,824.0,false,57,3,6,2
2022-08-07,2022-08-08,BOS,EWR,218.6,true,9,185.0,false,1,1,8,0
2022-04-29,2022-06-14,ATL,BOS,298.6,true,9,947.0,false,46,2,6,5
2022-09-05,2022-10-03,DTW,DFW,192.6,false,9,1328.0,true,28,1,10,1
2022-07-13,2022-08-15,SFO,ATL,485.19,false,7,2308.0,false,33,1,8,3
2022-09-30,2022-11-14,DFW,ORD,308.6,false,9,1325.0,false,45,1,11,5
2022-07-05,2022-08-31,ATL,DEN,308.6,true,7,1207.0,false,57,3,8,2
2022-07-18,2022-07-28,DTW,ATL,444.59,false,9,932.0,false,10,4,7,1
2022-07-22,2022-08-11,LAX,DFW,294.6,false,7,1498.0,false,20,4,8,5
2022-06-25,2022-07-26,LAX,MIA,458.6,false,9,2522.0,false,31,2,7,6
2022-09-23,2022-09-24,CLT,JFK,247.1,true,7,545.0,false,1,6,9,5
2022-07-15,2022-07-19,EWR,DFW,248.6,false,2,1480.0,false,4,2,7,5
2022-08-11,2022-08-27,OAK,DFW,582.48,false,1,2176.0,false,16,6,8,4
2022-07-11,2022-08-30,BOS,ATL,158.6,true,7,947.0,false,50,2,8,1
2022-10-04,2022-10-27,SFO,ATL,357.6,false,3,2193.0,false,23,4,10,2
2022-07-23,2022-08-07,DFW,LAX,285.6,true,7,1238.0,false,15,0,8,6
2022-06-28,2022-08-17,DEN,MIA,203.6,false,9,2295.0,true,50,3,8,2
2022-09-25,2022-10-21,DEN,EWR,307.6,false,7,1623.0,false,26,5,10,0
2022-08-22,2022-10-04,LAX,DTW,298.6,true,4,1985.0,false,43,2,10,1
2022-09-16,2022-09-24,ORD,CLT,224.6,false,7,1121.0,false,8,6,9,5
2022-09-30,2022-10-12,PHL,ATL,75.99,false,4,1259.0,false,12,3,10,5
2022-06-16,2022-07-21,PHL,BOS,92.6,false,9,282.0,true,35,4,7,4
2022-07-03,2022-08-15,CLT,PHL,288.1,true,7,449.0,false,43,1,8,0
2022-05-06,2022-06-18,LAX,DFW,485.59,false,9,1498.0,false,43,6,6,5
2022-08-24,2022-09-06,BOS,SFO,298.6,false,7,2796.0,false,13,2,9,3
2022-05-08,2022-05-21,CLT,BOS,216.11,false,4,733.0,false,13,6,5,0
2022-10-04,2022-11-05,JFK,PHL,211.61,false,9,1428.0,true,32,6,11,2
2022-05-18,2022-06-23,JFK,LAX,357.59,false,10,3443.0,false,36,4,6,3
2022-09-09,2022-09-20,IAD,CLT,180.6,false,1,769.0,false,11,2,9,5
2022-06-25,2022-07-20,IAD,DEN,417.6,false,5,1510.0,false,25,3,7,6
2022-10-01,2022-10-18,CLT,ORD,295.11,true,7,592.0,false,17,2,10,6
2022-05-25,2022-06-14,SFO,ORD,727.6,false,9,2323.0,false,20,2,6,3
2022-07-23,2022-08-31,CLT,EWR,166.1,false,7,1312.0,false,39,3,8,6
2022-08-08,2022-09-21,LGA,MIA,148.6,true,7,1104.0,false,44,3,9,1
2022-08-15,2022-09-06,SFO,CLT,416.6,false,7,3111.0,false,22,2,9,1
2022-07-13,2022-07-26,LAX,ATL,482.59,false,7,1963.0,false,13,2,7,3
2022-05-08,2022-05-12,CLT,JFK,199.1,false,6,697.0,false,4,4,5,0
2022-05-25,2022-06-12,ORD,JFK,522.2,false,2,815.0,false,18,0,6,3
2022-06-28,2022-08-03,SFO,LAX,75.6,true,9,339.0,true,36,3,8,2
2022-08-04,2022-09-12,MIA,JFK,143.6,true,7,1104.0,false,39,1,9,4
2022-07-18,2022-08-30,ORD,MIA,163.6,true,7,1192.0,false,43,2,8,1
2022-05-28,2022-07-08,DTW,LGA,181.6,false,4,612.0,false,41,5,7,6
2022-08-17,2022-08-20,ATL,EWR,396.58,false,0,762.0,false,3,6,8,3
2022-09-16,2022-10-12,LGA,DFW,87.59,true,0,1380.0,false,26,3,10,5
2022-07-19,2022-09-13,LGA,DTW,150.61,false,7,807.0,false,56,2,9,2
2022-07-19,2022-07-23,CLT,ATL,421.1,false,5,1248.0,false,4,6,7,2
2022-08-18,2022-08-19,ORD,BOS,218.6,true,7,862.0,false,1,5,8,4
2022-08-04,2022-08-19,DFW,EWR,88.6,true,9,1380.0,true,15,5,8,4
2022-08-14,2022-09-06,LAX,EWR,397.6,false,7,2543.0,false,23,2,9,0
2022-07-23,2022-08-29,DFW,LAX,285.6,true,7,1238.0,false,37,1,8,6
2022-09-14,2022-09-27,DEN,OAK,544.2,false,7,1689.0,false,13,2,9,3
2022-09-17,2022-10-08,EWR,DEN,188.6,true,9,1621.0,false,21,6,10,6
2022-05-26,2022-06-19,LGA,SFO,678.61,false,7,2567.0,false,24,0,6,4
2022-10-01,2022-10-06,OAK,ATL,463.58,false,0,2439.0,false,5,4,10,6
2022-09-30,2022-10-01,OAK,LAX,628.6,false,4,1630.0,false,1,6,10,5
2022-09-22,2022-11-08,ATL,DTW,501.6,false,9,1247.0,false,47,2,11,4
2022-05-07,2022-06-02,BOS,EWR,232.19,false,9,1047.0,true,26,4,6,6
2022-07-29,2022-08-06,DEN,ORD,232.6,true,9,903.0,false,8,6,8,5
2022-10-05,2022-10-15,DFW,DTW,285.6,true,3,995.0,false,10,6,10,3
2022-10-01,2022-11-09,ORD,LGA,100.58,false,0,720.0,false,39,3,11,6
2022-04-27,2022-06-17,ATL,MIA,197.58,false,0,598.0,false,51,5,6,3
2022-08-02,2022-08-10,PHL,DTW,179.6,false,2,912.0,false,8,3,8,2
2022-07-27,2022-08-25,LGA,MIA,146.6,true,1,1104.0,false,29,4,8,3
2022-09-21,2022-10-24,LGA,CLT,167.21,false,7,913.0,false,33,1,10,3
2022-07-20,2022-09-14,EWR,SFO,337.61,false,7,2883.0,false,56,3,9,3
2022-05-09,2022-06-10,LAX,DEN,395.59,false,9,2215.0,false,32,5,6,1
2022-08-28,2022-08-30,DFW,LGA,147.6,false,7,1430.0,true,2,2,8,0
2022-07-16,2022-08-02,ORD,JFK,492.2,false,9,815.0,false,17,2,8,6
2022-07-30,2022-09-18,DEN,DFW,227.2,false,9,1109.0,false,50,0,9,6
2022-07-30,2022-09-14,LAX,DTW,285.2,false,9,2391.0,true,46,3,9,6
2022-05-06,2022-06-06,EWR,LAX,323.6,true,4,2458.0,false,31,1,6,5
2022-07-14,2022-08-10,OAK,DEN,477.2,false,9,1186.0,false,27,3,8,4
2022-08-21,2022-09-20,SFO,MIA,347.2,false,6,2599.0,false,30,2,9,0
2022-07-01,2022-08-16,LAX,OAK,341.98,false,3,1630.0,false,46,2,8,5
2022-09-25,2022-10-04,LGA,PHL,137.21,false,7,2120.0,false,9,2,10,0
2022-07-26,2022-09-11,DFW,LGA,142.6,false,7,1398.0,false,47,0,9,2
2022-07-15,2022-08-31,ORD,CLT,213.1,true,9,592.0,true,47,3,8,5
2022-08-22,2022-09-21,SFO,IAD,276.7,false,7,2725.0,true,30,3,9,1
2022-08-07,2022-09-09,CLT,IAD,137.1,true,7,327.0,true,33,5,9,0
2022-05-05,2022-06-15,PHL,MIA,358.6,false,9,1263.0,false,41,3,6,4
2022-09-14,2022-10-10,OAK,IAD,687.2,false,9,2633.0,false,26,1,10,3
2022-06-03,2022-07-06,IAD,LGA,241.2,false,7,891.0,false,33,3,7,5
2022-08-27,2022-09-29,JFK,ATL,136.1,false,7,773.0,true,33,4,9,6
2022-08-17,2022-08-25,ORD,MIA,118.6,true,9,1192.0,true,8,4,8,3
2022-09-02,2022-10-03,CLT,MIA,210.1,false,9,1250.0,true,31,1,10,5
2022-08-18,2022-09-22,MIA,EWR,227.2,false,9,1144.0,true,35,4,9,4
2022-09-22,2022-11-07,DEN,LAX,369.6,false,7,916.0,false,46,1,11,4
2022-10-04,2022-10-06,BOS,PHL,188.6,true,7,280.0,false,2,4,10,2
2022-06-15,2022-08-05,LAX,IAD,407.6,false,3,2679.0,false,51,5,8,3
2022-05-12,2022-06-15,DFW,LAX,254.61,true,7,1238.0,false,34,3,6,4
2022-09-18,2022-09-29,MIA,BOS,177.61,false,2,1289.0,false,11,4,9,0
2022-10-04,2022-11-16,LGA,CLT,120.6,false,7,548.0,true,43,3,11,2
2022-06-13,2022-08-08,DEN,BOS,468.2,false,8,1806.0,false,56,1,8,1
2022-08-06,2022-09-16,LAX,ATL,338.6,false,9,2055.0,false,41,5,9,6
2022-06-11,2022-07-15,ORD,LGA,198.58,false,0,720.0,false,34,5,7,6
2022-06-03,2022-06-16,DFW,DTW,657.6,false,9,1329.0,false,13,4,6,5
2022-08-09,2022-09-02,LGA,SFO,211.61,false,7,2883.0,false,24,5,9,2
2022-08-01,2022-08-25,IAD,LGA,206.6,false,4,594.0,false,24,4,8,1
2022-05-25,2022-06-02,DFW,SFO,398.6,false,2,1581.0,false,8,4,6,3
2022-09-18,2022-10-31,LAX,EWR,131.58,false,0,2470.0,false,43,1,10,0
2022-08-09,2022-09-04,MIA,DFW,218.61,false,9,1321.0,false,26,0,9,2
2022-04-20,2022-05-20,IAD,LGA,118.6,true,1,221.0,false,30,5,5,3
2022-08-01,2022-08-26,DTW,LGA,261.59,false,7,807.0,false,25,5,8,1
2022-09-25,2022-10-07,LAX,PHL,408.6,false,5,2855.0,false,12,5,10,0
2022-05-03,2022-05-15,ORD,CLT,295.58,false,0,921.0,false,12,0,5,2
2022-08-10,2022-08-30,LGA,LAX,127.1,false,7,2621.0,true,20,2,8,3
2022-09-25,2022-11-10,ORD,MIA,224.6,false,7,1824.0,false,46,4,11,0
2022-06-27,2022-07-17,DFW,LAX,636.2,false,7,1832.0,false,20,0,7,1
2022-05-23,2022-05-24,EWR,ORD,195.6,false,9,815.0,false,1,2,5,1
2022-07-02,2022-08-30,ATL,ORD,120.58,false,0,844.0,false,59,2,8,6
2022-08-23,2022-09-09,LGA,IAD,452.1,false,7,872.0,false,17,5,9,2
2022-10-01,2022-10-20,BOS,MIA,177.61,false,4,1283.0,false,19,4,10,6
2022-06-19,2022-07-26,BOS,DTW,182.19,false,9,670.0,true,37,2,7,0
2022-06-04,2022-07-01,IAD,LGA,471.1,false,7,872.0,false,27,5,7,6
2022-09-25,2022-10-08,LAX,CLT,489.6,false,5,2171.0,false,13,6,10,0
2022-08-16,2022-09-22,JFK,BOS,178.6,true,7,185.0,false,37,4,9,2
2022-06-26,2022-07-20,DEN,BOS,273.6,false,9,1806.0,false,24,3,7,0
2022-06-09,2022-08-02,LGA,LAX,557.6,false,7,2791.0,false,54,2,8,4
2022-05-08,2022-05-14,MIA,BOS,287.6,false,3,1289.0,false,6,6,5,0
2022-07-16,2022-07-27,CLT,MIA,180.1,false,7,660.0,false,11,3,7,6
2022-09-11,2022-10-01,ORD,DFW,50.59,true,0,1111.0,false,20,6,10,0
2022-09-12,2022-09-18,LGA,SFO,897.2,false,3,2897.0,false,6,0,9,1
2022-08-04,2022-09-16,CLT,SFO,437.1,false,7,2439.0,false,43,5,9,4
2022-08-16,2022-10-01,LAX,DTW,701.6,false,9,2067.0,false,46,6,10,2
2022-08-01,2022-08-02,DEN,SFO,253.6,false,5,1242.0,false,1,2,8,1
2022-07-18,2022-08-05,LGA,CLT,181.6,false,7,552.0,false,18,5,8,1
2022-10-01,2022-11-18,DEN,LGA,417.2,false,8,1634.0,false,48,5,11,6
2022-06-30,2022-08-07,DFW,OAK,517.11,false,4,1954.0,false,38,0,8,4
2022-05-27,2022-06-03,BOS,DFW,200.6,false,9,1617.0,true,7,5,6,5
2022-06-14,2022-07-13,EWR,LAX,437.2,false,1,2465.0,false,29,3,7,2
2022-05-22,2022-07-17,JFK,MIA,238.6,true,7,1104.0,false,56,0,7,0
2022-09-09,2022-10-21,ATL,DTW,156.1,false,7,733.0,true,42,5,10,5
2022-06-17,2022-06-23,MIA,BOS,177.61,false,7,1289.0,false,6,4,6,5
2022-08-06,2022-09-11,SFO,EWR,337.61,false,7,2883.0,false,36,0,9,6
2022-09-03,2022-10-12,PHL,EWR,191.2,false,9,932.0,true,39,3,10,6
2022-04-28,2022-06-17,LGA,IAD,226.01,false,7,594.0,false,50,5,6,4
2022-07-24,2022-08-30,LAX,JFK,236.6,false,7,2560.0,false,37,2,8,0
2022-05-22,2022-06-27,BOS,EWR,83.6,true,7,185.0,false,36,1,6,0
2022-08-05,2022-08-17,BOS,ATL,119.1,false,3,956.0,false,12,3,8,5
2022-06-18,2022-08-11,JFK,LAX,487.19,false,4,2905.0,false,54,4,8,6
2022-05-10,2022-05-16,EWR,DEN,698.6,false,9,1627.0,false,6,1,5,2
2022-08-18,2022-10-04,SFO,ATL,226.6,false,9,2161.0,false,47,2,10,4
2022-07-11,2022-08-18,ORD,OAK,422.2,false,1,1839.0,false,38,4,8,1
2022-09-22,2022-11-09,EWR,LAX,163.6,true,7,2458.0,false,48,3,11,4
2022-09-20,2022-09-24,BOS,LAX,338.6,false,9,2690.0,true,4,6,9,2
2022-07-23,2022-08-16,SFO,DFW,157.19,false,9,1604.0,true,24,2,8,6
2022-08-25,2022-09-16,LAX,DFW,68.59,true,0,1456.0,false,22,5,9,4
2022-05-22,2022-07-17,IAD,LAX,773.6,false,7,2370.0,false,56,0,7,0
2022-06-30,2022-07-29,MIA,IAD,328.6,false,5,1325.0,false,29,5,7,4
2022-08-13,2022-09-18,ATL,DTW,246.58,false,0,840.0,false,36,0,9,6
2022-06-16,2022-08-10,ORD,DTW,168.61,true,9,240.0,false,55,3,8,4
2022-08-19,2022-09-07,PHL,CLT,160.6,false,9,895.0,true,19,3,9,5
2022-07-26,2022-09-12,LAX,EWR,186.6,false,9,2802.0,true,48,1,9,2
2022-08-07,2022-09-05,MIA,LAX,271.58,false,0,2457.0,false,29,1,9,0
2022-05-21,2022-06-14,JFK,ATL,218.6,true,6,762.0,false,24,2,6,6
2022-07-17,2022-08-06,LGA,SFO,2426.6,false,1,2848.0,false,20,6,8,0
2022-05-31,2022-06-07,EWR,DEN,317.6,false,2,2030.0,false,7,2,6,2
2022-08-12,2022-09-14,ATL,EWR,199.6,true,9,762.0,true,33,3,9,5
2022-07-04,2022-08-28,OAK,LGA,554.11,false,6,2854.0,false,55,0,8,1
2022-07-27,2022-09-08,OAK,PHL,343.7,false,9,2948.0,true,43,4,9,3
2022-09-02,2022-09-29,DEN,LAX,98.6,true,7,848.0,false,27,4,9,5
2022-05-08,2022-06-08,OAK,PHL,607.21,false,8,2510.0,false,31,3,6,0
2022-09-24,2022-10-06,LGA,BOS,288.6,true,3,185.0,false,12,4,10,6
2022-06-24,2022-07-01,ORD,SFO,278.6,true,9,1847.0,false,7,5,7,5
2022-04-25,2022-05-25,SFO,CLT,617.2,false,7,3111.0,false,30,3,5,1
2022-09-02,2022-10-04,IAD,DTW,137.6,false,9,1145.0,true,32,2,10,5
2022-04-23,2022-05-18,DFW,LGA,143.6,true,7,1380.0,false,25,3,5,6
2022-05-14,2022-05-28,EWR,ORD,228.6,true,9,720.0,false,14,6,5,6
2022-09-27,2022-10-20,DFW,DEN,377.2,false,2,1372.0,false,23,4,10,2
2022-05-06,2022-07-01,JFK,LAX,497.6,true,5,2458.0,false,56,5,7,5
2022-09-22,2022-10-22,IAD,CLT,108.6,true,9,327.0,true,30,6,10,4
2022-08-04,2022-09-15,MIA,CLT,158.6,false,9,1649.0,true,42,4,9,4
2022-07-21,2022-07-26,LAX,DEN,241.6,false,9,939.0,false,5,2,7,4
2022-04-23,2022-05-09,DTW,ATL,216.58,false,0,840.0,false,16,1,5,6
2022-05-29,2022-05-31,LAX,ORD,351.6,false,1,2206.0,false,2,2,5,0
2022-09-29,2022-10-21,SFO,PHL,556.7,false,6,3173.0,false,22,5,10,4
2022-08-20,2022-09-14,EWR,DTW,98.6,true,9,485.0,true,25,3,9,6
2022-09-30,2022-10-13,BOS,PHL,68.6,true,7,280.0,false,13,4,10,5
2022-08-08,2022-09-28,LAX,EWR,186.6,false,9,2802.0,true,51,3,9,1
2022-09-08,2022-10-01,ATL,LAX,177.61,false,7,2345.0,true,23,6,10,4
2022-07-06,2022-08-24,ATL,JFK,238.6,true,9,762.0,false,49,3,8,3
2022-06-29,2022-07-29,LAX,CLT,507.2,false,7,2141.0,false,30,5,7,3
2022-07-20,2022-09-17,MIA,OAK,536.7,false,7,3446.0,false,59,6,9,3
2022-08-14,2022-10-02,MIA,DEN,388.6,false,9,2466.0,false,49,0,10,0
2022-07-25,2022-08-14,PHL,OAK,742.7,false,5,2755.0,false,20,0,8,1
2022-08-19,2022-08-20,DFW,CLT,392.58,false,0,1065.0,false,1,6,8,5
2022-08-05,2022-08-16,ATL,LAX,347.61,false,7,3134.0,true,11,2,8,5
2022-04-20,2022-05-19,DEN,SFO,304.59,false,5,1205.0,false,29,4,5,3
2022-07-07,2022-07-19,ATL,OAK,815.7,false,9,2393.0,false,12,2,7,4
2022-04-17,2022-06-16,EWR,DFW,240.6,false,7,1519.0,false,60,4,6,0
2022-08-02,2022-09-21,DFW,LGA,162.6,false,9,1487.0,true,50,3,9,2
2022-07-05,2022-08-22,LGA,DFW,280.6,true,7,1380.0,false,48,1,8,2
2022-08-22,2022-08-25,DTW,LAX,308.58,false,0,2233.0,false,3,4,8,1
2022-07-31,2022-09-15,LGA,DEN,207.6,false,9,1694.0,false,46,4,9,0
2022-08-01,2022-08-17,BOS,IAD,296.7,false,1,1244.0,false,16,3,8,1
2022-05-02,2022-05-13,DFW,ORD,342.6,true,7,799.0,false,11,5,5,1
2022-07-19,2022-08-24,BOS,LGA,83.6,true,7,185.0,false,36,3,8,2
2022-07-11,2022-08-26,JFK,PHL,417.2,false,7,465.0,false,46,5,8,1
2022-07-13,2022-08-31,LGA,DFW,166.61,true,7,1380.0,false,49,3,8,3
2022-05-01,2022-05-04,LAX,DTW,419.58,false,0,2233.0,false,3,3,5,0
2022-06-16,2022-08-12,DFW,DTW,518.6,true,9,995.0,false,57,5,8,4
2022-09-14,2022-10-17,JFK,SFO,368.6,true,7,2566.0,false,33,1,10,3
2022-10-03,2022-11-08,DEN,LGA,98.6,true,9,1632.0,true,36,2,11,1
2022-10-02,2022-11-10,EWR,ATL,193.6,true,3,756.0,false,39,4,11,0
2022-07-11,2022-07-14,LAX,EWR,298.6,false,3,2465.0,false,3,4,7,1
2022-07-02,2022-07-09,JFK,ATL,541.6,false,7,762.0,false,7,6,7,6
2022-05-31,2022-06-15,DEN,PHL,407.19,false,3,1575.0,false,15,3,6,2
2022-05-06,2022-06-12,MIA,ORD,536.61,false,1,1824.0,false,37,0,6,5
2022-06-04,2022-06-08,DTW,CLT,345.71,false,1,1160.0,false,4,3,6,6
2022-10-04,2022-10-21,ORD,EWR,208.61,true,9,731.0,true,17,5,10,2
2022-07-28,2022-08-15,ORD,MIA,62.59,true,0,1517.0,false,18,1,8,4
2022-09-02,2022-10-20,PHL,DEN,292.6,false,9,1874.0,false,48,4,10,5
2022-06-14,2022-06-22,LGA,PHL,446.1,false,7,994.0,false,8,3,6,2
2022-07-21,2022-07-27,LAX,PHL,447.21,false,7,2886.0,false,6,3,7,4
2022-07-11,2022-09-06,CLT,JFK,160.1,false,1,547.0,false,57,2,9,1
2022-07-06,2022-08-23,DEN,MIA,203.6,false,7,1765.0,false,48,2,8,3
2022-06-26,2022-08-11,DFW,LAX,119.58,false,0,1456.0,false,46,4,8,0
2022-06-30,2022-08-01,LAX,JFK,277.2,false,2,2509.0,false,32,1,8,4
2022-05-13,2022-06-06,DTW,EWR,142.58,false,0,612.0,false,24,1,6,5
2022-05-08,2022-06-21,ATL,DFW,208.61,true,9,725.0,false,44,2,6,0
2022-06-10,2022-08-01,IAD,BOS,421.61,false,9,406.0,false,52,1,8,5
2022-08-22,2022-08-24,MIA,EWR,328.6,false,4,1638.0,false,2,3,8,1
2022-07-03,2022-08-14,DFW,BOS,267.6,false,7,1578.0,false,42,0,8,0
2022-07-15,2022-08-17,DTW,CLT,238.6,false,1,832.0,false,33,3,8,5
2022-09-13,2022-09-30,LAX,MIA,387.6,false,9,2341.0,false,17,5,9,2
2022-04-27,2022-05-07,DFW,ATL,147.6,false,9,924.0,false,10,6,5,3
2022-09-21,2022-10-19,ORD,PHL,281.3,false,7,1185.0,false,28,3,10,3
2022-08-01,2022-09-03,CLT,ORD,315.09,false,7,921.0,false,33,6,9,1
2022-06-01,2022-06-02,EWR,DEN,322.6,false,1,1622.0,false,1,4,6,3
2022-07-31,2022-09-13,ORD,BOS,328.6,true,7,862.0,false,44,2,9,0
2022-07-06,2022-07-15,OAK,ATL,238.58,false,0,2439.0,false,9,5,7,3
2022-08-10,2022-09-05,JFK,DEN,601.6,false,9,1694.0,false,26,1,9,3
2022-07-06,2022-08-24,LAX,IAD,297.1,false,1,2403.0,false,49,3,8,3
2022-06-03,2022-07-30,JFK,PHL,511.61,false,9,1429.0,false,57,6,7,5
2022-09-01,2022-09-13,PHL,EWR,376.2,false,2,1429.0,false,12,2,9,4
2022-06-16,2022-07-16,DFW,CLT,478.59,false,2,1149.0,false,30,6,7,4
2022-07-22,2022-09-07,OAK,BOS,507.1,false,7,3159.0,false,47,3,9,5
2022-07-25,2022-08-10,PHL,EWR,480.6,false,7,1392.0,false,16,3,8,1
2022-07-11,2022-08-13,MIA,LAX,288.6,true,7,2339.0,false,33,6,8,1
2022-07-12,2022-08-13,LAX,BOS,368.6,false,3,2794.0,false,32,6,8,2
2022-08-08,2022-09-19,LGA,LAX,456.6,false,7,2516.0,false,42,1,9,1
2022-09-20,2022-09-22,DEN,ORD,259.6,true,4,903.0,false,2,4,9,2
2022-09-16,2022-11-02,ORD,BOS,78.6,true,9,862.0,true,47,3,11,5
2022-07-15,2022-07-22,LAX,OAK,448.98,false,1,1378.0,false,7,5,7,5
2022-09-17,2022-10-01,LGA,ORD,118.6,true,9,720.0,true,14,6,10,6
2022-05-20,2022-06-15,DEN,DTW,548.6,false,7,1645.0,false,26,3,6,5
2022-09-08,2022-10-08,JFK,MIA,736.11,false,2,1917.0,false,30,6,10,4
2022-06-22,2022-08-03,LAX,ATL,448.6,false,9,2074.0,false,42,3,8,3
2022-07-26,2022-08-08,ATL,BOS,521.61,false,9,947.0,false,13,1,8,2
2022-05-21,2022-06-14,PHL,OAK,572.71,false,3,2755.0,false,24,2,6,6
2022-06-19,2022-08-11,OAK,LAX,126.58,false,0,1432.0,false,53,4,8,0
2022-09-03,2022-09-20,DFW,EWR,137.6,false,9,1652.0,true,17,2,9,6
2022-07-24,2022-09-12,SFO,LAX,43.6,true,7,339.0,false,50,1,9,0
2022-06-17,2022-07-19,DFW,EWR,248.6,false,6,1487.0,false,32,2,7,5
2022-09-08,2022-09-30,EWR,IAD,405.1,false,7,872.0,false,22,5,9,4
2022-07-13,2022-08-30,SFO,DEN,356.6,false,9,1205.0,false,48,2,8,3
2022-08-22,2022-09-11,ATL,BOS,241.6,false,5,947.0,false,20,0,9,1
2022-08-06,2022-08-19,DTW,SFO,321.6,false,1,2096.0,false,13,5,8,6
2022-04-21,2022-06-04,MIA,OAK,377.21,false,9,2674.0,true,44,6,6,4
2022-08-20,2022-09-09,OAK,ORD,581.6,false,6,1839.0,false,20,5,9,6
2022-06-09,2022-07-06,LGA,OAK,950.11,false,7,3115.0,false,27,3,7,4
2022-07-08,2022-08-18,IAD,MIA,252.1,false,5,979.0,false,41,4,8,5
2022-07-08,2022-08-08,DTW,SFO,657.6,false,7,2087.0,false,31,1,8,5
2022-07-22,2022-07-23,LAX,IAD,379.6,false,9,2679.0,false,1,6,7,5
2022-06-11,2022-06-18,ATL,LGA,232.58,false,0,762.0,false,7,6,6,6
2022-04-16,2022-04-20,ORD,IAD,250.6,false,1,631.0,false,4,3,4,6
2022-09-25,2022-11-04,LGA,IAD,466.6,false,9,392.0,false,40,5,11,0
2022-09-10,2022-10-25,BOS,ORD,111.6,false,7,1000.0,true,45,2,10,6
2022-08-08,2022-09-06,LAX,EWR,681.6,false,9,2543.0,false,29,2,9,1
2022-05-06,2022-05-15,LAX,LGA,461.58,false,0,2573.0,false,9,0,5,5
2022-06-13,2022-07-14,DEN,IAD,248.6,true,7,1473.0,false,31,4,7,1
2022-05-08,2022-06-20,LAX,JFK,422.6,false,6,3443.0,false,43,1,6,0
2022-07-08,2022-08-23,ATL,OAK,539.1,false,9,2683.0,false,46,2,8,5
2022-10-04,2022-11-14,LAX,CLT,215.6,false,3,2266.0,false,41,1,11,2
2022-06-28,2022-07-22,LGA,LAX,312.6,false,2,2669.0,false,24,5,7,2
2022-04-17,2022-06-09,ORD,ATL,191.58,false,0,844.0,false,53,4,6,0
2022-07-13,2022-08-09,LAX,BOS,798.6,true,7,2606.0,false,27,2,8,3
2022-10-04,2022-11-17,DFW,OAK,562.7,false,4,2655.0,false,44,4,11,2
2022-06-04,2022-07-01,BOS,LAX,414.6,false,1,2643.0,false,27,5,7,6
2022-04-22,2022-06-03,ORD,LGA,233.6,false,7,1047.0,false,42,5,6,5
2022-07-14,2022-08-14,CLT,OAK,1396.6,false,9,2403.0,false,31,0,8,4
2022-05-09,2022-06-21,ORD,BOS,98.6,false,4,1000.0,false,43,2,6,1
2022-07-02,2022-08-04,EWR,DEN,360.6,false,0,1694.0,false,33,4,8,6
2022-04-27,2022-05-27,ORD,BOS,348.61,false,3,952.0,false,30,5,5,3
2022-06-28,2022-08-01,ORD,OAK,686.1,false,9,2654.0,false,34,1,8,2
2022-05-01,2022-06-21,DEN,MIA,427.6,false,9,1834.0,false,51,2,6,0
2022-09-04,2022-09-27,DEN,JFK,198.6,true,7,1621.0,false,23,2,9,0
2022-06-30,2022-07-12,PHL,DFW,287.6,false,7,1836.0,false,12,2,7,4
2022-05-01,2022-06-22,LAX,DTW,484.6,false,7,2921.0,false,52,3,6,0
2022-06-23,2022-07-18,PHL,EWR,350.21,false,5,1392.0,false,25,1,7,4
2022-07-02,2022-08-29,SFO,JFK,286.2,false,7,3665.0,false,58,1,8,6
2022-05-12,2022-06-06,ATL,MIA,318.6,true,10,596.0,false,25,1,6,4
2022-07-19,2022-08-22,LGA,PHL,161.61,false,7,465.0,false,34,1,8,2
2022-07-14,2022-08-15,BOS,ORD,273.6,true,7,862.0,false,32,1,8,4
2022-09-22,2022-10-13,MIA,ORD,298.6,false,7,1196.0,false,21,4,10,4
2022-08-30,2022-09-21,SFO,BOS,496.1,false,9,3082.0,false,22,3,9,2
2022-09-28,2022-10-29,DTW,OAK,533.1,false,9,2323.0,false,31,6,10,3
2022-05-31,2022-06-11,SFO,BOS,999.0,true,5,2698.0,false,11,6,6,2
2022-06-12,2022-06-22,LAX,SFO,118.6,true,9,339.0,false,10,3,6,0
2022-06-12,2022-07-03,LGA,IAD,531.59,false,6,451.0,false,21,0,7,0
2022-08-08,2022-08-31,LAX,ATL,207.6,false,3,1954.0,false,23,3,8,1
2022-09-08,2022-09-12,LAX,LGA,337.6,false,1,2427.0,false,4,1,9,4
2022-07-10,2022-07-22,DFW,JFK,188.6,true,4,1380.0,false,12,5,7,0
2022-05-19,2022-06-22,LAX,BOS,494.6,true,7,2606.0,false,34,3,6,4
2022-09-02,2022-10-05,ORD,LGA,111.6,false,7,815.0,true,33,3,10,5
2022-07-24,2022-09-21,BOS,ORD,112.61,false,7,905.0,false,59,3,9,0
2022-09-03,2022-09-24,DFW,CLT,312.6,false,3,931.0,false,21,6,9,6
2022-07-01,2022-08-07,DTW,LGA,177.61,false,7,612.0,false,37,0,8,5
2022-09-08,2022-09-14,BOS,JFK,472.7,false,6,893.0,false,6,3,9,4
2022-06-14,2022-07-06,BOS,IAD,371.1,false,7,1055.0,false,22,3,7,2
2022-05-04,2022-06-04,DFW,EWR,254.6,false,9,1652.0,false,31,6,6,3
2022-05-06,2022-06-06,EWR,SFO,392.58,false,9,2595.0,false,31,1,6,5
2022-05-01,2022-06-04,PHL,OAK,642.11,false,9,2755.0,false,34,6,6,0
2022-06-09,2022-08-05,EWR,DTW,222.6,false,5,612.0,false,57,5,8,4
2022-07-23,2022-09-20,CLT,SFO,229.6,false,9,2893.0,false,59,2,9,6
2022-07-06,2022-08-09,DFW,EWR,278.6,false,2,1487.0,false,34,2,8,3
2022-05-29,2022-06-20,BOS,ATL,358.6,true,6,947.0,false,22,1,6,0
2022-09-24,2022-10-18,ATL,LAX,177.61,false,7,1963.0,true,24,2,10,6
2022-06-28,2022-08-04,IAD,DEN,578.6,false,9,1748.0,false,37,4,8,2
2022-04-25,2022-05-24,BOS,DFW,246.2,false,7,1877.0,false,29,2,5,1
2022-09-16,2022-10-24,DEN,BOS,437.6,false,9,2478.0,false,38,1,10,5
2022-06-25,2022-07-06,DFW,LAX,258.6,true,7,1238.0,false,11,3,7,6
2022-05-04,2022-05-16,EWR,DFW,245.6,true,7,1380.0,false,12,1,5,3
2022-06-25,2022-07-09,SFO,ATL,553.2,false,4,2308.0,false,14,6,7,6
2022-05-29,2022-06-12,DFW,PHL,372.6,false,7,1392.0,false,14,0,6,0
2022-06-11,2022-08-08,JFK,DFW,248.6,true,9,1380.0,false,58,1,8,6
2022-09-25,2022-10-26,PHL,CLT,93.6,false,9,895.0,true,31,3,10,0
2022-08-26,2022-09-01,IAD,DTW,348.6,true,4,391.0,false,6,4,9,5
2022-08-15,2022-09-19,DFW,MIA,218.21,false,7,2484.0,false,35,1,9,1
2022-06-19,2022-07-07,ORD,DEN,205.6,true,9,903.0,false,18,4,7,0
2022-04-24,2022-04-25,DTW,LAX,450.6,false,4,2233.0,false,1,1,4,0
2022-06-13,2022-07-13,PHL,LGA,127.6,false,7,465.0,false,30,3,7,1
2022-07-02,2022-07-31,DFW,LGA,205.6,true,2,1380.0,false,29,0,7,6
2022-07-22,2022-09-20,DTW,BOS,148.6,true,9,622.0,true,60,2,9,5
2022-07-07,2022-08-08,IAD,EWR,351.09,false,7,872.0,false,32,1,8,4
2022-09-10,2022-10-17,BOS,DFW,357.6,false,9,1565.0,false,37,1,10,6
2022-06-28,2022-07-19,DEN,DFW,188.58,false,0,650.0,false,21,2,7,2
2022-05-25,2022-05-26,BOS,CLT,207.6,false,7,1912.0,false,1,4,5,3
2022-06-03,2022-06-12,DFW,OAK,343.07,false,0,1954.0,false,9,0,6,5
2022-04-25,2022-06-03,LAX,DTW,471.6,false,7,2233.0,false,39,5,6,1
2022-07-11,2022-08-17,MIA,DTW,206.1,false,5,1157.0,false,37,3,8,1
2022-08-24,2022-08-31,SFO,LGA,202.6,false,9,2575.0,true,7,3,8,3
2022-04-18,2022-05-11,CLT,LGA,105.1,false,7,913.0,false,23,3,5,1
2022-05-03,2022-06-12,MIA,SFO,676.6,false,1,2583.0,false,40,0,6,2
2022-06-24,2022-06-26,LGA,BOS,188.6,true,6,185.0,false,2,0,6,5
2022-04-21,2022-05-16,IAD,PHL,456.6,false,9,838.0,false,25,1,5,4
2022-08-26,2022-08-27,ORD,ATL,211.6,false,9,844.0,false,1,6,8,5
2022-08-11,2022-09-10,ORD,LGA,215.6,true,7,720.0,false,30,6,9,4
2022-08-10,2022-09-03,LAX,BOS,359.6,true,7,2606.0,false,24,6,9,3
2022-08-11,2022-08-15,CLT,MIA,210.1,false,7,663.0,true,4,1,8,4
2022-06-03,2022-07-26,ATL,LAX,601.61,false,9,2074.0,false,53,2,7,5
2022-09-09,2022-10-22,DEN,DFW,87.6,false,9,1109.0,true,43,6,10,5
2022-04-28,2022-05-20,JFK,DTW,327.2,false,5,589.0,false,22,5,5,4
2022-06-22,2022-08-08,LAX,LGA,509.61,false,5,2465.0,false,47,1,8,3
2022-05-18,2022-07-14,DTW,LAX,422.61,false,10,2188.0,false,57,4,7,3
2022-05-02,2022-06-26,IAD,CLT,333.6,false,9,769.0,false,55,0,6,1
2022-04-22,2022-05-29,DEN,CLT,238.6,false,9,1647.0,false,37,0,5,5
2022-09-04,2022-09-10,DFW,ATL,170.58,false,0,725.0,false,6,6,9,0
2022-06-13,2022-08-11,ATL,LAX,414.1,false,7,2075.0,false,59,4,8,1
2022-06-16,2022-07-27,SFO,LAX,367.2,false,7,1637.0,false,41,3,7,4
2022-07-07,2022-07-29,LAX,ATL,347.58,false,0,2030.0,false,22,5,7,4
2022-07-12,2022-08-17,EWR,MIA,175.61,false,2,1912.0,false,36,3,8,2
2022-07-01,2022-08-16,DFW,CLT,171.6,false,7,1504.0,false,46,2,8,5
2022-04-29,2022-06-17,BOS,LGA,43.6,true,9,185.0,true,49,5,6,5
2022-08-23,2022-09-15,LAX,LGA,328.6,false,7,2573.0,false,23,4,9,2
2022-05-08,2022-06-04,DTW,DFW,168.58,false,0,1328.0,false,27,6,6,0
2022-05-01,2022-05-31,LAX,CLT,614.6,false,4,2337.0,false,30,2,5,0
2022-06-22,2022-07-12,OAK,LGA,554.11,false,9,2807.0,false,20,2,7,3
2022-06-21,2022-07-07,ATL,BOS,403.1,false,2,762.0,false,16,4,7,2
2022-09-24,2022-10-12,OAK,LGA,557.47,false,7,3346.0,false,18,3,10,6
2022-07-26,2022-08-28,DEN,JFK,427.6,false,7,2283.0,false,33,0,8,2
2022-09-14,2022-10-11,LGA,LAX,356.1,false,6,2876.0,false,27,2,10,3
2022-07-23,2022-08-21,SFO,MIA,447.6,false,6,2599.0,false,29,0,8,6
2022-04-29,2022-06-10,BOS,LGA,118.6,true,7,185.0,false,42,5,6,5
2022-07-07,2022-08-15,ORD,CLT,171.72,true,9,592.0,true,39,1,8,4
2022-08-12,2022-09-18,DEN,JFK,617.2,false,9,1969.0,false,37,0,9,5
2022-06-25,2022-07-13,OAK,MIA,154.58,false,0,3446.0,false,18,3,7,6
2022-07-24,2022-08-05,DEN,EWR,272.6,false,7,1623.0,false,12,5,8,0
2022-07-08,2022-08-12,LGA,OAK,672.7,false,9,3140.0,false,35,5,8,5
2022-04-27,2022-05-24,ORD,CLT,127.6,false,7,1265.0,false,27,2,5,3
2022-05-09,2022-07-07,PHL,EWR,331.11,false,7,994.0,false,59,4,7,1
2022-04-21,2022-06-11,IAD,LGA,486.6,false,9,1303.0,false,51,6,6,4
2022-09-03,2022-10-11,DTW,ATL,157.6,false,7,1247.0,true,38,2,10,6
2022-07-27,2022-09-19,IAD,ORD,370.1,false,4,919.0,false,54,1,9,3
2022-08-18,2022-09-08,DEN,LAX,107.6,false,7,960.0,false,21,4,9,4
2022-09-09,2022-10-04,ATL,OAK,539.1,false,7,2683.0,false,25,2,10,5
2022-08-10,2022-08-16,BOS,ATL,253.6,false,2,947.0,false,6,2,8,3
2022-06-01,2022-06-20,PHL,CLT,531.59,false,7,642.0,false,19,1,6,3
2022-05-02,2022-05-09,ORD,DFW,368.6,false,6,1195.0,false,7,1,5,1
2022-06-18,2022-08-07,LGA,LAX,548.6,false,7,2573.0,false,50,0,8,6
2022-06-10,2022-07-13,BOS,ATL,471.6,false,9,947.0,false,33,3,7,5
2022-08-20,2022-09-25,DTW,EWR,568.6,true,9,485.0,false,36,0,9,6
2022-08-20,2022-09-19,LAX,LGA,166.61,false,7,2791.0,false,30,1,9,6
2022-04-19,2022-06-14,DTW,SFO,448.19,false,4,2096.0,false,56,2,6,2
2022-05-25,2022-07-21,DEN,CLT,658.6,false,9,1647.0,false,57,4,7,3
2022-06-14,2022-06-16,SFO,CLT,668.6,false,8,2753.0,false,2,4,6,2
2022-05-27,2022-06-08,DTW,LGA,290.2,false,2,960.0,false,12,3,6,5
2022-06-15,2022-07-09,LAX,PHL,459.6,false,0,2512.0,false,24,6,7,3
2022-07-08,2022-07-18,EWR,ATL,366.1,false,4,773.0,false,10,1,7,5
2022-08-20,2022-09-14,IAD,LAX,401.6,false,7,2415.0,false,25,3,9,6
2022-05-09,2022-06-06,ATL,MIA,76.59,true,0,598.0,false,28,1,6,1
2022-07-14,2022-09-12,DTW,DFW,278.6,true,8,995.0,false,60,1,9,4
2022-04-24,2022-05-10,BOS,EWR,148.6,true,6,185.0,false,16,2,5,0
2022-07-28,2022-08-17,OAK,MIA,707.1,false,7,3446.0,false,20,3,8,4
2022-05-06,2022-05-10,LAX,PHL,351.6,false,1,2536.0,false,4,2,5,5
2022-07-07,2022-07-21,MIA,EWR,133.6,true,7,1104.0,false,14,4,7,4
2022-09-28,2022-10-03,ORD,ATL,235.6,true,9,600.0,false,5,1,10,3
2022-07-17,2022-08-01,DFW,ORD,338.61,true,7,799.0,false,15,1,8,0
2022-10-02,2022-10-14,CLT,LGA,266.1,false,2,1323.0,false,12,5,10,0
2022-05-06,2022-06-06,OAK,ATL,757.1,false,9,2412.0,false,31,1,6,5
2022-04-22,2022-05-14,LAX,OAK,450.1,false,7,1432.0,false,22,6,5,5
2022-08-27,2022-09-05,LAX,PHL,370.6,false,5,2491.0,false,9,1,9,6
2022-08-18,2022-10-05,EWR,DFW,108.6,false,9,1487.0,true,48,3,10,4
2022-08-11,2022-09-17,ORD,LAX,244.6,false,7,1810.0,false,37,6,9,4
2022-08-12,2022-10-04,LAX,BOS,220.1,false,7,2804.0,true,53,2,10,5
2022-06-18,2022-07-06,OAK,ORD,581.2,false,9,1839.0,false,18,3,7,6
2022-07-23,2022-09-04,CLT,LGA,160.1,false,7,551.0,false,43,0,9,6
2022-07-11,2022-08-22,ATL,LAX,317.6,false,7,1963.0,false,42,1,8,1
2022-06-03,2022-07-14,ATL,EWR,179.6,true,9,762.0,false,41,4,7,5
2022-09-02,2022-10-18,MIA,LAX,197.6,true,7,2339.0,true,46,2,10,5
2022-05-05,2022-05-14,JFK,SFO,776.6,false,7,2848.0,false,9,6,5,4
2022-07-28,2022-09-03,OAK,MIA,581.7,false,9,2750.0,false,37,6,9,4
2022-05-13,2022-05-26,DTW,SFO,711.6,false,4,3051.0,false,13,4,5,5
2022-07-19,2022-08-14,OAK,BOS,403.6,false,1,2688.0,false,26,0,8,2
2022-07-19,2022-08-08,JFK,MIA,177.6,true,9,1104.0,true,20,1,8,2
2022-07-04,2022-07-30,SFO,EWR,471.6,false,3,2649.0,false,26,6,7,1
2022-05-27,2022-05-28,BOS,SFO,380.6,false,7,3015.0,false,1,6,5,5
2022-09-27,2022-10-25,BOS,DFW,235.6,false,7,1565.0,false,28,2,10,2
2022-06-30,2022-07-22,LAX,PHL,429.6,true,7,2397.0,false,22,5,7,4
2022-10-05,2022-11-09,OAK,IAD,557.61,false,9,2633.0,false,35,3,11,3
2022-04-21,2022-06-17,EWR,PHL,427.21,false,9,465.0,false,57,5,6,4
2022-05-30,2022-07-11,OAK,DFW,244.58,false,0,2025.0,false,42,1,7,1
2022-04-29,2022-06-28,DFW,ATL,411.6,false,3,924.0,false,60,2,6,5
2022-08-03,2022-08-30,LGA,SFO,127.6,false,9,2897.0,true,27,2,8,3
2022-09-09,2022-09-15,ORD,LGA,238.6,true,2,720.0,false,6,4,9,5
2022-08-01,2022-08-08,PHL,LGA,501.6,false,9,1429.0,false,7,1,8,1
2022-07-24,2022-09-06,ATL,MIA,98.6,true,9,596.0,true,44,2,9,0
2022-07-06,2022-07-15,PHL,LAX,540.19,false,1,2417.0,false,9,5,7,3
2022-05-06,2022-05-14,OAK,LAX,174.6,true,9,338.0,false,8,6,5,5
2022-09-27,2022-11-01,LGA,ORD,111.6,false,7,815.0,true,35,2,11,2
2022-09-22,2022-09-27,OAK,LGA,639.1,false,7,3115.0,false,5,2,9,4
2022-05-20,2022-05-24,BOS,CLT,167.6,false,10,733.0,false,4,2,5,5
2022-09-22,2022-09-28,DTW,OAK,622.7,false,2,2323.0,false,6,3,9,4
2022-07-01,2022-08-23,PHL,CLT,174.01,false,4,1361.0,false,53,2,8,5
2022-05-08,2022-06-29,DFW,LAX,457.1,false,7,1617.0,false,52,3,6,0
2022-06-21,2022-07-24,IAD,ORD,828.6,true,9,594.0,false,33,0,7,2
2022-09-08,2022-10-12,EWR,ATL,49.59,true,0,762.0,false,34,3,10,4
2022-08-01,2022-09-10,ATL,ORD,167.2,false,9,1482.0,true,40,6,9,1
2022-08-30,2022-08-31,SFO,DTW,607.61,false,9,2119.0,false,1,3,8,2
2022-09-12,2022-10-10,CLT,LAX,537.1,false,5,3003.0,false,28,1,10,1
2022-05-20,2022-05-23,LGA,DFW,268.6,true,5,1380.0,false,3,1,5,5
2022-09-10,2022-10-27,ATL,SFO,321.6,false,9,2447.0,false,47,4,10,6
2022-07-08,2022-08-16,DFW,CLT,171.6,false,7,1432.0,false,39,2,8,5
2022-08-21,2022-08-23,DEN,EWR,177.61,false,2,2295.0,false,2,2,8,0
2022-07-22,2022-08-23,DFW,BOS,196.7,false,3,1804.0,false,32,2,8,5
2022-09-04,2022-10-18,DTW,LGA,227.6,true,7,485.0,false,44,2,10,0
2022-07-04,2022-08-18,ATL,DEN,718.61,true,9,1207.0,false,45,4,8,1
2022-07-15,2022-08-21,DTW,ATL,116.58,false,0,840.0,false,37,0,8,5
2022-09-28,2022-10-30,DFW,ATL,162.6,true,7,725.0,true,32,0,10,3
2022-09-08,2022-10-06,DFW,EWR,124.58,false,0,1480.0,false,28,4,10,4
2022-05-13,2022-05-14,SFO,CLT,488.6,false,3,2460.0,false,1,6,5,5
2022-07-13,2022-07-26,ORD,LGA,138.6,true,7,720.0,false,13,2,7,3
2022-08-27,2022-09-19,DFW,BOS,237.6,false,9,1565.0,true,23,1,9,6
2022-05-03,2022-06-20,LAX,BOS,522.2,true,7,2606.0,false,48,1,6,2
2022-05-19,2022-06-04,CLT,JFK,180.1,false,7,564.0,false,16,6,6,4
2022-09-30,2022-11-02,EWR,LAX,137.6,true,9,2458.0,true,33,3,11,5
2022-09-10,2022-09-29,DFW,BOS,404.6,true,7,1556.0,false,19,4,9,6
2022-09-19,2022-10-17,IAD,PHL,247.6,false,9,318.0,false,28,1,10,1
2022-07-26,2022-09-07,DEN,EWR,213.6,true,5,1621.0,false,43,3,9,2
2022-09-28,2022-10-09,OAK,BOS,768.6,false,9,2688.0,false,11,0,10,3
2022-06-17,2022-07-04,DTW,JFK,467.11,false,9,982.0,false,17,1,7,5
2022-06-16,2022-08-08,OAK,JFK,466.61,false,9,2796.0,false,53,1,8,4
2022-09-13,2022-10-03,LGA,SFO,561.6,false,7,3391.0,false,20,1,10,2
2022-09-04,2022-09-05,ATL,DTW,444.6,false,1,932.0,false,1,1,9,0
2022-07-05,2022-08-12,SFO,PHL,644.6,false,7,2978.0,false,38,5,8,2
2022-05-24,2022-06-07,BOS,DEN,437.6,false,5,1879.0,false,14,2,6,2
2022-07-11,2022-08-13,EWR,ATL,153.58,false,0,762.0,false,33,6,8,1
2022-06-30,2022-07-28,MIA,LAX,468.6,false,9,3562.0,false,28,4,7,4
2022-07-12,2022-07-25,MIA,DFW,287.6,false,7,1289.0,false,13,1,7,2
2022-07-31,2022-09-22,ATL,DTW,156.1,false,7,733.0,false,53,4,9,0
2022-08-05,2022-08-16,EWR,ATL,201.1,false,4,773.0,false,11,2,8,5
2022-07-15,2022-09-08,ATL,DEN,157.58,false,0,1375.0,false,55,4,9,5
2022-08-18,2022-09-11,DFW,MIA,207.2,false,7,1289.0,false,24,0,9,4
2022-05-30,2022-07-18,BOS,DFW,328.6,true,3,1556.0,false,49,1,7,1
2022-09-21,2022-10-11,EWR,MIA,88.6,true,9,1104.0,true,20,2,10,3
2022-07-02,2022-07-26,LAX,LGA,467.6,false,9,2802.0,false,24,2,7,6
2022-08-04,2022-08-21,DEN,BOS,401.6,false,4,1847.0,false,17,0,8,4
2022-05-04,2022-05-15,JFK,DTW,195.6,true,3,485.0,false,11,0,5,3
2022-04-20,2022-05-12,ORD,DEN,461.6,false,2,1034.0,false,22,4,5,3
2022-05-20,2022-06-15,CLT,DEN,222.49,true,4,1346.0,false,26,3,6,5
2022-07-22,2022-08-08,DFW,BOS,162.6,false,9,1617.0,true,17,1,8,5
2022-05-03,2022-06-13,SFO,JFK,493.6,true,7,2566.0,false,41,1,6,2
2022-05-02,2022-06-17,DTW,ATL,105.59,true,0,840.0,false,46,5,6,1
2022-08-09,2022-08-17,SFO,LAX,63.6,true,9,339.0,true,8,3,8,2
2022-04-25,2022-05-23,LAX,OAK,66.97,true,0,1457.0,false,28,1,5,1
2022-06-28,2022-08-01,OAK,DFW,184.07,false,0,2025.0,false,34,1,8,2
2022-05-19,2022-06-20,IAD,DEN,518.61,false,6,1842.0,false,32,1,6,4
2022-09-07,2022-09-14,ATL,DEN,78.58,false,0,1375.0,false,7,3,9,3
2022-08-14,2022-09-24,DFW,ORD,77.6,false,9,1166.0,true,41,6,9,0
2022-04-30,2022-06-13,LGA,CLT,207.2,false,7,548.0,false,44,1,6,6
2022-05-26,2022-06-05,JFK,ATL,254.35,true,1,762.0,false,10,0,6,4
2022-06-10,2022-06-21,CLT,LAX,369.1,false,2,2337.0,false,11,2,6,5
2022-09-17,2022-11-03,DEN,MIA,386.6,false,9,1803.0,false,47,4,11,6
2022-04-18,2022-05-27,CLT,DTW,480.09,false,5,832.0,false,39,5,5,1
2022-05-31,2022-06-22,EWR,ORD,228.6,true,7,720.0,false,22,3,6,2
2022-09-23,2022-10-13,SFO,MIA,427.6,false,1,2583.0,false,20,4,10,5
2022-08-07,2022-08-12,EWR,BOS,143.6,true,9,185.0,true,5,5,8,0
2022-08-27,2022-09-19,CLT,MIA,316.1,false,9,1649.0,false,23,1,9,6
2022-06-14,2022-08-11,LAX,JFK,477.11,false,7,2621.0,false,58,4,8,2
2022-08-23,2022-09-07,MIA,OAK,587.1,false,9,3900.0,false,15,3,9,2
2022-06-17,2022-07-23,LGA,DEN,442.6,false,7,2030.0,false,36,6,7,5
2022-07-05,2022-08-21,PHL,CLT,270.58,false,0,895.0,false,47,0,8,2
2022-08-14,2022-09-14,CLT,DFW,311.1,false,7,1767.0,false,31,3,9,0
2022-05-25,2022-07-14,DFW,DEN,133.6,true,1,650.0,false,50,4,7,3
2022-06-11,2022-06-23,SFO,LGA,776.1,false,6,3005.0,false,12,4,6,6
2022-08-25,2022-10-04,DTW,CLT,198.6,true,9,505.0,false,40,2,10,4
2022-05-09,2022-06-14,DFW,PHL,475.6,false,5,1471.0,false,36,2,6,1
2022-09-16,2022-09-20,PHL,DFW,317.6,false,7,1364.0,false,4,2,9,5
2022-07-25,2022-08-06,DEN,JFK,635.61,false,9,2794.0,false,12,6,8,1
2022-09-20,2022-09-23,LGA,DFW,461.6,false,1,1652.0,false,3,5,9,2
2022-06-21,2022-06-28,LGA,ATL,248.6,true,9,762.0,false,7,2,6,2
2022-04-21,2022-06-15,LGA,DFW,152.6,false,7,1395.0,false,55,3,6,4
2022-08-11,2022-09-09,ATL,OAK,137.58,false,0,2412.0,false,29,5,9,4
2022-04-27,2022-05-20,SFO,CLT,668.6,false,5,2557.0,false,23,5,5,3
2022-09-08,2022-09-10,JFK,PHL,263.6,false,7,1440.0,true,2,6,9,4
2022-05-12,2022-06-08,SFO,CLT,587.2,false,9,2516.0,false,27,3,6,4
2022-05-30,2022-07-16,LAX,IAD,712.6,false,9,2484.0,false,47,6,7,1
2022-09-09,2022-10-25,LGA,PHL,209.61,false,7,348.0,true,46,2,10,5
2022-08-05,2022-08-29,MIA,IAD,307.21,false,9,1325.0,true,24,1,8,5
2022-06-02,2022-07-06,CLT,ATL,327.1,true,9,228.0,false,34,3,7,4
2022-08-20,2022-09-09,LAX,CLT,417.6,false,4,2365.0,false,20,5,9,6
2022-08-02,2022-08-14,MIA,ORD,448.6,false,1,1196.0,false,12,0,8,2
2022-09-16,2022-09-27,LGA,DFW,159.58,false,0,1380.0,false,11,2,9,5
2022-07-20,2022-09-14,ATL,BOS,481.6,false,9,947.0,false,56,3,9,3
2022-05-26,2022-07-13,DEN,SFO,205.6,true,9,954.0,false,48,3,7,4
2022-06-25,2022-08-09,LAX,CLT,340.7,false,9,2342.0,false,45,2,8,6
2022-08-21,2022-08-22,ORD,LGA,205.6,false,7,815.0,true,1,1,8,0
2022-09-21,2022-10-05,ORD,LAX,238.6,false,6,1709.0,false,14,3,10,3
2022-07-20,2022-08-16,JFK,ORD,547.2,false,9,800.0,false,27,2,8,3
2022-06-18,2022-06-23,ORD,OAK,208.59,true,0,2213.0,false,5,4,6,6
2022-08-20,2022-09-11,DTW,JFK,122.6,false,9,938.0,true,22,0,9,6
2022-06-09,2022-06-23,PHL,DFW,257.6,false,6,1562.0,false,14,4,6,4
2022-08-21,2022-10-06,LGA,OAK,351.71,false,9,2559.0,true,46,4,10,0
2022-10-05,2022-11-07,SFO,CLT,471.6,false,7,3120.0,false,33,1,11,3
2022-05-27,2022-06-01,BOS,CLT,167.6,false,7,733.0,false,5,3,6,5
2022-07-11,2022-08-27,CLT,EWR,157.1,true,7,545.0,false,47,6,8,1
2022-05-05,2022-05-12,BOS,DEN,396.1,false,3,2074.0,false,7,4,5,4
2022-09-29,2022-10-22,DTW,MIA,157.6,false,7,1589.0,true,23,6,10,4
2022-09-24,2022-10-22,ATL,OAK,333.7,false,9,2412.0,true,28,6,10,6
2022-08-04,2022-08-11,DEN,PHL,478.1,false,4,1795.0,false,7,4,8,4
2022-06-30,2022-08-04,EWR,OAK,626.1,false,9,3140.0,false,35,4,8,4
2022-07-01,2022-07-20,ORD,ATL,211.6,false,1,1135.0,false,19,3,7,5
2022-09-17,2022-10-10,EWR,DFW,728.6,false,9,1480.0,false,23,1,10,6
2022-06-11,2022-07-13,LGA,DEN,507.2,false,4,1702.0,false,32,3,7,6
2022-07-21,2022-09-15,MIA,EWR,133.6,true,7,1104.0,false,56,4,9,4
2022-05-28,2022-06-01,IAD,LGA,318.7,false,2,1447.0,false,4,3,6,6
2022-06-30,2022-07-21,OAK,ATL,817.2,false,5,2850.0,false,21,4,7,4
2022-06-19,2022-06-30,JFK,CLT,347.2,false,1,913.0,false,11,4,6,0
2022-07-09,2022-09-07,ORD,EWR,97.6,false,9,815.0,true,60,3,9,6
2022-07-05,2022-09-02,MIA,ORD,497.6,false,9,1517.0,false,59,5,9,2
2022-08-02,2022-09-15,EWR,ORD,81.58,false,0,720.0,false,44,4,9,2
2022-08-10,2022-09-10,CLT,BOS,196.1,false,7,1175.0,false,31,6,9,3
2022-05-21,2022-07-20,BOS,DEN,394.21,false,7,1765.0,false,60,3,7,6
2022-07-08,2022-08-29,ATL,EWR,153.58,false,0,762.0,false,52,1,8,5
2022-09-10,2022-09-27,DFW,ORD,181.6,false,7,822.0,true,17,2,9,6
2022-08-12,2022-08-15,ATL,PHL,172.59,true,0,677.0,false,3,1,8,5
2022-08-12,2022-09-30,DEN,BOS,264.6,true,3,1763.0,false,49,5,9,5
2022-05-26,2022-06-01,LGA,DFW,188.6,true,9,1380.0,true,6,3,6,4
2022-09-02,2022-10-18,DFW,ORD,82.58,false,0,1153.0,false,46,2,10,5
2022-06-30,2022-07-18,LGA,DFW,280.6,true,7,1380.0,false,18,1,7,4
2022-07-08,2022-07-29,ORD,LAX,208.59,true,0,1810.0,false,21,5,7,5
2022-05-09,2022-06-01,ATL,BOS,302.6,false,3,947.0,false,23,3,6,1
2022-07-08,2022-08-04,MIA,CLT,308.6,true,7,652.0,false,27,4,8,5
2022-08-03,2022-09-10,DFW,LAX,163.6,true,9,1238.0,true,38,6,9,3
2022-09-10,2022-10-24,DFW,BOS,404.6,true,7,1556.0,false,44,1,10,6
2022-06-19,2022-07-02,CLT,DTW,225.08,false,0,832.0,false,13,6,7,0
2022-04-23,2022-06-02,LAX,LGA,447.6,false,7,2465.0,false,40,4,6,6
2022-04-17,2022-05-02,DEN,EWR,246.1,false,1,1891.0,false,15,1,5,0
2022-08-17,2022-09-03,IAD,PHL,166.2,false,7,1331.0,true,17,6,9,3
2022-05-25,2022-05-29,LAX,DFW,253.78,false,0,1456.0,false,4,0,5,3
2022-09-21,2022-10-12,OAK,LGA,611.7,false,6,3211.0,false,21,3,10,3
2022-07-18,2022-08-30,LGA,IAD,164.0,false,3,594.0,false,43,2,8,1
2022-07-15,2022-08-13,DTW,DFW,341.61,false,7,1865.0,false,29,6,8,5
2022-08-14,2022-09-19,MIA,LAX,561.61,false,2,3218.0,false,36,1,9,0
2022-09-26,2022-09-29,DEN,DTW,308.6,true,9,1142.0,false,3,4,9,1
2022-10-02,2022-11-11,DTW,CLT,318.6,false,9,832.0,false,40,5,11,0
2022-07-07,2022-07-14,SFO,ATL,431.6,false,2,2236.0,false,7,4,7,4
2022-08-15,2022-09-07,CLT,LGA,157.1,true,7,545.0,true,23,3,9,1
2022-10-02,2022-10-21,ATL,JFK,186.1,false,7,771.0,true,19,5,10,0
2022-08-08,2022-09-09,JFK,ORD,547.2,false,9,1946.0,false,32,5,9,1
2022-06-11,2022-06-26,IAD,PHL,527.1,false,3,776.0,false,15,0,6,6
2022-09-16,2022-10-07,DFW,EWR,372.6,true,7,1380.0,false,21,5,10,5
2022-07-15,2022-07-17,LAX,DFW,305.61,false,9,1551.0,false,2,0,7,5
2022-08-19,2022-08-24,IAD,DEN,305.61,false,1,1842.0,false,5,3,8,5
2022-05-24,2022-06-05,DEN,DTW,637.6,false,7,1645.0,false,12,0,6,2
2022-07-23,2022-08-27,BOS,DFW,227.6,false,5,1583.0,false,35,6,8,6
2022-09-09,2022-10-17,IAD,SFO,288.6,true,9,2426.0,true,38,1,10,5
2022-08-30,2022-09-13,SFO,IAD,442.1,false,7,2766.0,false,14,2,9,2
2022-06-26,2022-08-15,PHL,ORD,151.6,true,7,672.0,false,50,1,8,0
2022-07-12,2022-08-19,PHL,MIA,437.21,false,1,1600.0,false,38,5,8,2
2022-06-19,2022-08-10,LAX,ATL,208.59,true,0,2030.0,false,52,3,8,0
2022-09-23,2022-10-07,ATL,CLT,228.6,true,5,228.0,false,14,5,10,5
2022-07-25,2022-07-26,DTW,LAX,370.6,false,7,2188.0,false,1,2,7,1
2022-06-10,2022-06-23,MIA,IAD,214.6,false,9,1137.0,true,13,4,6,5
2022-05-01,2022-05-11,ORD,LGA,154.6,true,7,720.0,false,10,3,5,0
2022-06-28,2022-07-25,CLT,EWR,166.1,false,9,548.0,false,27,1,7,2
2022-08-30,2022-10-08,SFO,IAD,217.61,false,9,2474.0,true,39,6,10,2
2022-06-24,2022-06-28,CLT,SFO,316.1,false,7,2516.0,true,4,2,6,5
2022-06-15,2022-08-07,LGA,ATL,212.6,true,7,762.0,false,53,0,8,3
2022-06-25,2022-08-13,DTW,LAX,548.6,false,9,1990.0,false,49,6,8,6
2022-05-21,2022-05-23,JFK,ATL,218.6,true,7,762.0,false,2,1,5,6
2022-09-26,2022-10-30,EWR,ATL,134.58,false,0,762.0,false,34,0,10,1
2022-08-12,2022-10-06,ATL,CLT,296.61,false,9,868.0,false,55,4,10,5
2022-07-24,2022-08-12,LAX,PHL,321.6,false,1,2564.0,false,19,5,8,0
2022-10-04,2022-10-13,ORD,PHL,283.2,false,7,1142.0,true,9,4,10,2
2022-10-01,2022-11-16,EWR,LAX,146.6,false,9,2911.0,true,46,3,11,6
2022-10-02,2022-11-16,EWR,ORD,88.61,false,9,737.0,true,45,3,11,0
2022-08-21,2022-10-01,ORD,ATL,112.6,true,7,600.0,true,41,6,10,0
2022-07-13,2022-07-22,LAX,EWR,320.6,false,5,2509.0,false,9,5,7,3
2022-07-06,2022-09-02,ATL,SFO,438.6,true,8,2135.0,false,58,5,9,3
2022-05-20,2022-06-07,BOS,CLT,98.6,true,7,728.0,false,18,2,6,5
2022-07-20,2022-07-27,CLT,LAX,570.1,false,7,3003.0,false,7,3,7,3
2022-06-18,2022-07-21,PHL,LAX,270.58,false,0,2491.0,false,33,4,7,6
2022-05-22,2022-07-10,CLT,MIA,356.1,false,7,719.0,false,49,0,7,0
2022-07-14,2022-07-20,BOS,DTW,387.21,false,4,655.0,false,6,3,7,4
2022-07-17,2022-08-28,LAX,CLT,189.58,false,0,2275.0,false,42,0,8,0
2022-06-21,2022-08-17,BOS,JFK,108.6,true,1,185.0,false,57,3,8,2
2022-04-17,2022-05-14,DFW,BOS,242.6,false,7,1565.0,false,27,6,5,0
2022-07-06,2022-07-18,OAK,MIA,879.09,false,3,3450.0,false,12,1,7,3
2022-06-26,2022-07-18,DEN,ORD,432.6,false,5,1809.0,false,22,1,7,0
2022-06-26,2022-08-07,DTW,SFO,876.6,false,9,2817.0,false,42,0,8,0
2022-09-27,2022-10-30,DTW,OAK,268.58,false,0,2328.0,false,33,0,10,2
2022-08-13,2022-08-23,MIA,BOS,152.61,false,7,1289.0,false,10,2,8,6
2022-07-31,2022-09-10,LAX,DTW,306.61,false,7,2943.0,false,41,6,9,0
2022-09-05,2022-09-15,ORD,EWR,228.6,true,7,720.0,false,10,4,9,1
2022-09-03,2022-09-17,DFW,LAX,140.59,false,0,1456.0,false,14,6,9,6
2022-09-12,2022-10-21,DTW,PHL,103.99,false,4,843.0,false,39,5,10,1
2022-07-10,2022-07-24,LAX,DTW,547.6,false,7,2883.0,false,14,0,7,0
2022-05-27,2022-06-30,DFW,CLT,487.2,false,5,1784.0,false,34,4,6,5
2022-07-11,2022-08-15,DTW,IAD,148.6,true,2,391.0,false,35,1,8,1
2022-07-09,2022-07-18,PHL,SFO,432.71,false,7,2605.0,false,9,1,7,6
2022-05-03,2022-05-24,ORD,CLT,211.96,false,0,921.0,false,21,2,5,2
2022-07-15,2022-08-22,SFO,BOS,408.6,false,7,2751.0,false,38,1,8,5
2022-09-17,2022-10-30,LAX,DTW,267.21,false,9,2478.0,true,43,0,10,6
2022-04-17,2022-04-29,SFO,BOS,361.6,true,7,2698.0,false,12,5,4,0
2022-06-25,2022-08-02,DEN,DFW,78.98,true,4,650.0,false,38,2,8,6
2022-09-06,2022-09-26,DTW,EWR,186.6,false,7,807.0,false,20,1,9,2
2022-08-21,2022-08-22,ORD,MIA,277.6,false,4,1824.0,false,1,1,8,0
2022-09-05,2022-10-12,MIA,JFK,98.6,true,7,1104.0,false,37,3,10,1
2022-09-13,2022-10-20,DFW,ORD,244.6,true,7,799.0,false,37,4,10,2
2022-05-13,2022-06-01,DTW,ATL,211.6,false,10,1247.0,false,19,3,6,5
2022-05-04,2022-06-28,EWR,SFO,716.6,false,9,2897.0,false,55,2,6,3
2022-09-18,2022-11-02,SFO,DTW,225.6,false,4,2087.0,false,45,3,11,0
2022-07-28,2022-08-22,PHL,LAX,348.61,false,5,2555.0,false,25,1,8,4
2022-04-28,2022-05-25,LAX,DTW,478.6,true,9,1985.0,false,27,3,5,4
2022-07-29,2022-09-24,PHL,CLT,247.6,false,7,1008.0,false,57,6,9,5
2022-06-25,2022-07-12,SFO,CLT,574.6,false,7,2398.0,false,17,2,7,6
2022-09-01,2022-09-10,PHL,IAD,370.2,false,8,1208.0,false,9,6,9,4
2022-06-25,2022-08-18,IAD,ATL,113.6,true,9,541.0,true,54,4,8,6
2022-05-13,2022-06-12,IAD,BOS,502.6,false,9,406.0,false,30,0,6,5
2022-09-11,2022-09-12,MIA,DFW,873.5,false,7,501.0,false,1,1,9,0
2022-04-16,2022-04-21,OAK,LAX,595.2,false,3,1628.0,false,5,4,4,6
2022-07-01,2022-07-06,MIA,LAX,311.58,false,0,2457.0,false,5,3,7,5
2022-10-05,2022-11-10,OAK,CLT,1450.71,false,7,3551.0,false,36,4,11,3
2022-05-23,2022-05-28,CLT,MIA,199.1,false,7,663.0,false,5,6,5,1
2022-05-22,2022-05-31,DFW,CLT,229.58,false,0,1065.0,false,9,2,5,0
2022-08-03,2022-08-05,ORD,IAD,200.6,false,9,941.0,false,2,5,8,3
2022-04-20,2022-05-16,BOS,LGA,68.6,true,7,185.0,false,26,1,5,3
2022-07-11,2022-08-28,BOS,ATL,177.61,false,2,947.0,false,48,0,8,1
2022-09-17,2022-10-13,PHL,LGA,425.61,false,7,1392.0,false,26,4,10,6
2022-08-26,2022-08-28,DEN,JFK,751.6,false,7,1629.0,false,2,0,8,5
2022-07-01,2022-08-06,SFO,JFK,953.6,true,7,2566.0,false,36,6,8,5
2022-09-08,2022-09-28,LGA,IAD,406.7,false,7,872.0,false,20,3,9,4
2022-09-07,2022-09-12,DEN,EWR,412.61,false,7,1948.0,false,5,1,9,3
2022-06-15,2022-07-12,DTW,SFO,408.6,true,9,2083.0,false,27,2,7,3
2022-06-06,2022-06-16,DTW,OAK,507.6,false,9,2323.0,false,10,4,6,1
2022-08-04,2022-08-30,LGA,LAX,130.6,false,3,2618.0,false,26,2,8,4
2022-09-11,2022-10-07,BOS,ORD,326.1,false,9,1015.0,true,26,5,10,0
2022-07-30,2022-08-16,CLT,LAX,583.1,false,7,2622.0,false,17,2,8,6
2022-07-17,2022-08-13,DTW,ORD,236.1,false,7,1097.0,false,27,6,8,0
2022-06-01,2022-06-11,LAX,DFW,466.61,false,4,1498.0,false,10,6,6,3
2022-04-22,2022-06-11,ORD,DEN,312.19,false,9,904.0,false,50,6,6,5
2022-08-20,2022-09-09,BOS,ATL,146.1,false,7,956.0,true,20,5,9,6
2022-07-22,2022-09-01,BOS,JFK,168.61,true,7,185.0,false,41,4,9,5
2022-04-25,2022-06-03,ORD,ATL,161.58,false,0,844.0,false,39,5,6,1
2022-08-13,2022-08-31,LAX,ORD,244.6,false,4,1908.0,false,18,3,8,6
2022-05-25,2022-06-24,LGA,LAX,648.59,false,7,2573.0,false,30,5,6,3
2022-09-24,2022-10-16,OAK,LGA,1477.1,false,9,3491.0,false,22,0,10,6
2022-06-21,2022-07-18,PHL,MIA,219.99,false,4,1263.0,false,27,1,7,2
2022-08-27,2022-10-07,DTW,ATL,278.6,true,7,604.0,false,41,5,10,6
2022-06-23,2022-07-12,BOS,SFO,378.6,true,3,2698.0,false,19,2,7,4
2022-08-31,2022-09-10,SFO,CLT,552.2,false,5,3111.0,false,10,6,9,3
2022-07-02,2022-07-06,ORD,DFW,224.6,false,9,1166.0,false,4,3,7,6
2022-09-01,2022-10-02,OAK,SFO,251.61,false,7,1351.0,false,31,0,10,4
2022-07-18,2022-08-10,DEN,LGA,188.6,true,9,1621.0,false,23,3,8,1
2022-09-23,2022-10-31,DEN,IAD,98.6,true,9,1473.0,true,38,1,10,5
2022-04-27,2022-06-09,SFO,DEN,326.6,false,7,1242.0,false,43,4,6,3
2022-06-08,2022-06-09,ATL,CLT,408.6,true,8,228.0,false,1,4,6,3
2022-09-05,2022-10-11,EWR,SFO,407.6,false,5,2568.0,false,36,2,10,1
2022-05-31,2022-06-24,CLT,ATL,425.11,false,6,1307.0,false,24,5,6,2
2022-06-24,2022-08-11,DEN,DFW,354.6,true,7,650.0,false,48,4,8,5
2022-05-03,2022-06-07,JFK,ATL,192.6,false,2,762.0,false,35,2,6,2
2022-09-17,2022-09-23,DFW,CLT,312.6,false,4,1504.0,false,6,5,9,6
2022-08-10,2022-08-13,PHL,LGA,394.21,false,9,1392.0,false,3,6,8,3
2022-06-12,2022-07-05,LAX,MIA,588.6,false,9,3037.0,false,23,2,7,0
2022-06-03,2022-07-08,PHL,ORD,206.61,true,7,672.0,false,35,5,7,5
2022-07-30,2022-08-16,DFW,LGA,148.6,true,7,1380.0,false,17,2,8,6
2022-06-04,2022-07-20,DEN,JFK,571.2,false,9,2501.0,false,46,3,7,6
2022-05-07,2022-06-03,DEN,LGA,313.6,true,9,1621.0,false,27,5,6,6
2022-05-08,2022-06-07,SFO,LAX,248.6,true,9,339.0,false,30,2,6,0
2022-09-01,2022-09-04,DEN,SFO,253.6,false,9,979.0,true,3,0,9,4
2022-05-01,2022-05-19,PHL,CLT,378.58,false,0,895.0,false,18,4,5,0
2022-04-19,2022-04-26,DFW,ATL,133.6,true,9,725.0,true,7,2,4,2
2022-07-01,2022-08-30,SFO,CLT,328.6,false,9,3111.0,false,60,2,8,5
2022-10-05,2022-11-04,LAX,ORD,251.6,false,7,2679.0,true,30,5,11,3
2022-09-25,2022-10-10,LGA,BOS,193.6,true,7,185.0,false,15,1,10,0
2022-04-16,2022-04-21,ATL,DTW,469.61,false,9,1749.0,false,5,4,4,6
2022-05-22,2022-06-09,OAK,BOS,382.58,false,0,3161.0,false,18,4,6,0
2022-08-01,2022-08-08,IAD,LGA,431.7,false,4,872.0,false,7,1,8,1
2022-08-01,2022-08-03,LGA,OAK,616.71,false,3,2803.0,false,2,3,8,1
2022-10-05,2022-10-25,DEN,SFO,98.6,true,9,954.0,false,20,2,10,3
2022-07-10,2022-08-03,IAD,PHL,168.11,false,9,688.0,true,24,3,8,0
2022-05-31,2022-06-10,DFW,OAK,222.6,false,9,1576.0,true,10,5,6,2
2022-06-29,2022-08-19,LAX,ATL,123.98,false,4,2013.0,false,51,5,8,3
2022-05-07,2022-05-29,BOS,ORD,143.6,false,2,905.0,false,22,0,5,6
2022-06-29,2022-07-17,LAX,BOS,532.2,false,7,2643.0,false,18,0,7,3
2022-07-17,2022-09-09,LGA,IAD,128.6,true,9,221.0,true,54,5,9,0
2022-05-19,2022-06-14,OAK,BOS,567.21,false,2,2688.0,false,26,2,6,4
2022-05-07,2022-05-16,IAD,LGA,467.6,false,9,1303.0,false,9,1,5,6
2022-06-23,2022-07-25,ATL,BOS,188.19,false,9,947.0,true,32,1,7,4
2022-08-27,2022-09-08,JFK,DTW,143.6,true,7,485.0,false,12,4,9,6
2022-07-01,2022-08-08,IAD,LAX,587.6,false,9,2452.0,false,38,1,8,5
2022-07-17,2022-07-19,LAX,DTW,351.6,false,9,1985.0,false,2,2,7,0
2022-05-20,2022-06-07,DEN,ATL,230.58,false,0,1375.0,false,18,2,6,5
2022-06-22,2022-07-17,DFW,CLT,348.61,false,9,953.0,false,25,0,7,3
2022-09-29,2022-10-24,DTW,IAD,138.6,true,9,391.0,true,25,1,10,4
2022-09-10,2022-10-14,DEN,ATL,217.99,false,4,2344.0,false,34,5,10,6
2022-08-26,2022-08-29,SFO,EWR,484.21,false,7,2791.0,false,3,1,8,5
2022-06-15,2022-06-22,ATL,OAK,697.6,false,9,2281.0,false,7,3,6,3
2022-10-03,2022-10-29,BOS,SFO,168.61,true,2,2698.0,false,26,6,10,1
2022-08-06,2022-08-20,IAD,DEN,374.6,false,9,1748.0,false,14,6,8,6
2022-05-30,2022-06-24,IAD,OAK,691.71,false,9,2995.0,false,25,5,6,1
2022-08-05,2022-08-09,CLT,DTW,184.1,false,1,832.0,false,4,2,8,5
2022-08-18,2022-10-02,MIA,OAK,878.7,false,3,3662.0,false,45,0,10,4
2022-07-06,2022-08-21,CLT,OAK,850.6,false,5,2637.0,false,46,0,8,3
2022-09-09,2022-10-17,ORD,EWR,258.6,true,9,720.0,false,38,1,10,5
2022-09-21,2022-10-20,MIA,SFO,637.2,false,7,3401.0,false,29,4,10,3
2022-05-20,2022-06-02,MIA,DFW,217.2,false,10,2484.0,false,13,4,6,5
2022-04-30,2022-05-27,ATL,DTW,288.61,true,9,604.0,false,27,5,5,6
2022-04-30,2022-06-18,PHL,DFW,166.59,true,0,1392.0,false,49,6,6,6
2022-08-05,2022-09-03,DFW,LAX,192.6,false,9,1582.0,true,29,6,9,5
2022-04-19,2022-05-29,MIA,ORD,311.6,false,7,1824.0,false,40,0,5,2
2022-08-31,2022-09-11,DTW,LGA,129.59,true,0,612.0,false,11,0,9,3
2022-08-01,2022-08-04,DFW,SFO,494.2,false,2,2342.0,false,3,4,8,1
2022-07-03,2022-07-27,ATL,LAX,305.58,false,0,2013.0,false,24,3,7,0
2022-07-28,2022-08-21,DEN,OAK,565.71,false,6,2370.0,false,24,0,8,4
2022-09-22,2022-10-11,MIA,OAK,617.1,false,9,2684.0,false,19,2,10,4
2022-06-27,2022-06-30,DTW,MIA,657.6,false,7,1589.0,false,3,4,6,1
2022-07-07,2022-09-04,IAD,CLT,133.6,true,7,327.0,false,59,0,9,4
2022-05-18,2022-05-20,LGA,ORD,358.58,false,0,720.0,false,2,5,5,3
2022-07-08,2022-08-11,PHL,BOS,92.6,false,9,282.0,true,34,4,8,5
2022-09-05,2022-09-26,MIA,LGA,327.6,false,5,1912.0,false,21,1,9,1
2022-06-25,2022-07-13,MIA,CLT,181.6,false,7,663.0,false,18,3,7,6
2022-08-12,2022-08-21,MIA,LGA,260.6,true,7,1104.0,false,9,0,8,5
2022-09-26,2022-10-11,LAX,IAD,287.6,false,7,2679.0,false,15,2,10,1
2022-09-24,2022-11-07,DTW,ATL,224.6,false,9,1247.0,false,44,1,11,6
2022-06-30,2022-07-08,DEN,EWR,212.6,false,6,2030.0,false,8,5,7,4
2022-06-25,2022-06-26,DFW,BOS,327.6,true,6,1556.0,false,1,0,6,6
2022-07-30,2022-08-05,MIA,ORD,277.6,false,5,1824.0,false,6,5,8,6
2022-07-22,2022-08-26,ATL,BOS,209.2,false,9,1157.0,true,35,5,8,5
2022-05-08,2022-05-12,LGA,IAD,583.1,false,7,872.0,false,4,4,5,0
2022-07-05,2022-08-01,BOS,MIA,352.6,false,7,2054.0,false,27,1,8,2
2022-08-08,2022-08-11,OAK,DTW,549.1,false,5,3281.0,false,3,4,8,1
2022-07-11,2022-09-06,MIA,EWR,158.58,false,0,1144.0,false,57,2,9,1
2022-09-06,2022-09-14,DTW,ORD,225.6,true,9,240.0,false,8,3,9,2
2022-05-01,2022-05-28,PHL,IAD,236.1,false,5,776.0,false,27,6,5,0
2022-08-10,2022-08-29,DFW,LGA,148.6,true,7,1380.0,false,19,1,8,3
2022-08-08,2022-09-13,PHL,LGA,222.6,false,7,773.0,false,36,2,9,1
2022-08-13,2022-09-12,LGA,SFO,537.1,false,10,2925.0,false,30,1,9,6
2022-07-14,2022-08-27,MIA,BOS,168.61,true,9,1260.0,true,44,6,8,4
2022-05-28,2022-06-26,LAX,BOS,652.6,true,7,2606.0,false,29,0,6,6
2022-08-07,2022-08-08,LAX,CLT,634.6,false,4,3003.0,false,1,1,8,0
2022-04-28,2022-04-30,SFO,MIA,478.61,false,2,2731.0,false,2,6,4,4
2022-07-14,2022-08-08,ORD,LAX,336.2,false,2,2206.0,false,25,1,8,4
2022-08-14,2022-10-01,JFK,DFW,112.6,false,7,1519.0,true,48,6,10,0
2022-06-19,2022-07-17,EWR,MIA,418.6,false,1,1136.0,false,28,0,7,0
2022-04-19,2022-06-13,LAX,DTW,363.6,false,7,2210.0,false,55,1,6,2
2022-07-13,2022-07-28,BOS,DEN,447.2,false,4,1806.0,false,15,4,7,3
2022-08-02,2022-09-22,DFW,ATL,43.59,true,0,725.0,false,51,4,9,2
2022-07-05,2022-08-09,JFK,LAX,629.6,true,6,2458.0,false,35,2,8,2
2022-08-11,2022-09-13,CLT,DTW,136.1,false,9,1030.0,false,33,2,9,4
2022-06-20,2022-06-24,CLT,LAX,578.98,false,3,2275.0,false,4,5,6,1
2022-07-02,2022-08-02,ORD,IAD,208.6,false,9,631.0,false,31,2,8,6
2022-07-29,2022-09-17,DEN,BOS,318.6,true,3,1763.0,false,50,6,9,5
2022-09-15,2022-10-23,CLT,MIA,355.7,false,1,1649.0,false,38,0,10,4
2022-09-08,2022-10-07,PHL,LGA,508.61,false,9,1392.0,false,29,5,10,4
2022-09-29,2022-11-05,DEN,LGA,107.6,false,7,1623.0,true,37,6,11,4
2022-07-02,2022-07-06,LAX,CLT,330.6,true,4,2121.0,false,4,3,7,6
2022-05-07,2022-06-12,SFO,BOS,702.11,true,7,2698.0,false,36,0,6,6
2022-08-03,2022-08-05,DEN,LGA,177.61,false,7,2030.0,false,2,5,8,3
2022-08-13,2022-09-09,JFK,DFW,102.6,false,7,1507.0,true,27,5,9,6
2022-09-28,2022-10-12,ATL,DTW,119.1,false,7,733.0,true,14,3,10,3
2022-07-02,2022-08-27,IAD,PHL,246.1,false,7,776.0,false,56,6,8,6
2022-05-06,2022-07-04,DFW,LAX,148.6,true,9,1238.0,true,59,1,7,5
2022-07-08,2022-08-25,LAX,JFK,298.6,true,4,2458.0,false,48,4,8,5
2022-07-28,2022-07-29,EWR,CLT,369.6,false,6,990.0,false,1,5,7,4
2022-05-22,2022-06-27,LGA,SFO,686.1,false,2,3070.0,false,36,1,6,0
2022-07-24,2022-08-17,LGA,OAK,511.7,false,2,3043.0,false,24,3,8,0
2022-07-26,2022-09-10,MIA,CLT,349.6,true,7,652.0,false,46,6,9,2
2022-06-27,2022-07-22,LAX,DFW,542.6,false,9,2544.0,false,25,5,7,1
2022-08-23,2022-10-08,LGA,IAD,295.7,false,7,872.0,true,46,6,10,2
2022-07-16,2022-08-06,LAX,ORD,342.6,true,3,1745.0,false,21,6,8,6
2022-07-31,2022-08-02,SFO,LAX,88.6,true,9,339.0,true,2,2,8,0
2022-05-25,2022-05-27,IAD,LGA,467.2,false,1,1089.0,false,2,5,5,3
2022-07-14,2022-08-10,BOS,ORD,142.6,false,4,1000.0,false,27,3,8,4
2022-05-27,2022-06-03,PHL,ORD,221.96,false,0,687.0,false,7,5,6,5
2022-07-16,2022-07-26,BOS,LGA,137.6,false,6,627.0,false,10,2,7,6
2022-05-02,2022-05-07,ORD,LGA,164.6,true,7,720.0,false,5,6,5,1
2022-06-12,2022-06-27,EWR,LAX,385.6,false,5,2669.0,false,15,1,6,0
2022-09-19,2022-10-03,DEN,BOS,238.2,false,4,1806.0,false,14,1,10,1
2022-06-09,2022-07-19,DFW,CLT,201.6,false,6,1213.0,false,40,2,7,4
2022-09-19,2022-10-28,ORD,OAK,570.21,false,7,2395.0,false,39,5,10,1
2022-05-01,2022-05-02,DFW,PHL,305.61,false,5,1442.0,false,1,1,5,0
2022-06-11,2022-08-03,DEN,SFO,283.6,false,9,979.0,false,53,3,8,6
2022-07-18,2022-07-29,BOS,LGA,128.6,true,7,185.0,false,11,5,7,1
2022-08-09,2022-08-15,DEN,LGA,193.6,true,4,1621.0,false,6,1,8,2
2022-06-19,2022-06-21,LAX,BOS,267.6,false,1,2677.0,false,2,2,6,0
2022-07-16,2022-09-13,LAX,ORD,244.6,false,7,1810.0,false,59,2,9,6
2022-06-22,2022-06-23,IAD,LGA,488.7,false,4,872.0,false,1,4,6,3
2022-08-23,2022-08-31,LAX,EWR,267.6,true,7,2458.0,false,8,3,8,2
2022-09-22,2022-11-03,IAD,DEN,158.6,false,9,1748.0,true,42,4,11,4
2022-09-17,2022-10-08,LAX,JFK,277.19,false,7,2905.0,true,21,6,10,6
2022-07-11,2022-08-29,DTW,DFW,248.6,false,9,1865.0,false,49,1,8,1
2022-09-06,2022-10-03,DFW,EWR,381.61,true,7,1380.0,false,27,1,10,2
2022-09-27,2022-10-15,JFK,IAD,419.1,false,7,891.0,false,18,6,10,2
2022-05-21,2022-06-16,EWR,PHL,148.2,false,7,465.0,false,26,4,6,6
2022-04-30,2022-05-23,ATL,IAD,151.6,true,4,541.0,false,23,1,5,6
2022-09-27,2022-10-06,BOS,OAK,458.6,false,2,2688.0,false,9,4,10,2
2022-09-19,2022-10-11,OAK,DFW,422.7,false,7,2819.0,false,22,2,10,1
2022-09-11,2022-09-23,ORD,SFO,218.6,true,9,1847.0,true,12,5,9,0
2022-07-25,2022-08-28,ATL,OAK,678.1,false,5,2715.0,false,34,0,8,1
2022-09-19,2022-10-22,ORD,CLT,358.6,false,7,1121.0,false,33,6,10,1
2022-07-09,2022-08-17,MIA,BOS,128.6,true,7,1260.0,false,39,3,8,6
2022-07-24,2022-08-30,DTW,LGA,118.6,true,9,485.0,true,37,2,8,0
2022-09-08,2022-09-29,MIA,EWR,298.6,false,9,1358.0,false,21,4,9,4
2022-07-02,2022-07-06,SFO,BOS,457.6,false,1,3168.0,false,4,3,7,6
2022-05-18,2022-06-03,MIA,DTW,208.61,true,7,1153.0,false,16,5,6,3
2022-07-15,2022-09-01,DFW,OAK,569.11,false,9,1618.0,false,48,4,9,5
2022-05-24,2022-06-08,DTW,ATL,180.1,false,7,840.0,false,15,3,6,2
2022-07-10,2022-08-11,DEN,LAX,449.2,false,4,2006.0,false,32,4,8,0
2022-09-19,2022-09-23,LGA,ORD,258.6,true,2,720.0,false,4,5,9,1
2022-07-25,2022-08-01,DEN,BOS,237.6,false,9,1815.0,true,7,1,8,1
2022-07-17,2022-08-28,ORD,PHL,257.6,true,7,672.0,false,42,0,8,0
2022-09-18,2022-09-30,OAK,DTW,549.1,false,6,2635.0,false,12,5,9,0
2022-09-06,2022-10-17,PHL,DEN,133.98,true,4,1567.0,false,41,1,10,2
2022-05-25,2022-06-13,PHL,DEN,650.61,false,7,1948.0,false,19,1,6,3
2022-04-21,2022-04-27,MIA,ATL,287.2,false,3,1866.0,false,6,3,4,4
2022-07-26,2022-08-02,DFW,MIA,259.6,true,7,1115.0,false,7,2,8,2
2022-07-17,2022-09-04,SFO,LGA,307.6,false,4,2897.0,false,49,0,9,0
2022-09-17,2022-10-30,CLT,ORD,336.1,false,9,745.0,false,43,0,10,6
2022-08-03,2022-09-15,IAD,CLT,253.6,false,5,769.0,false,43,4,9,3
2022-10-04,2022-11-11,LGA,DEN,187.6,false,2,2297.0,false,38,5,11,2
2022-09-07,2022-09-08,SFO,DFW,277.6,false,9,2440.0,true,1,4,9,3
2022-09-04,2022-10-14,SFO,LGA,446.59,false,7,2647.0,false,40,5,10,0
2022-07-25,2022-08-22,SFO,DFW,197.6,false,7,1524.0,false,28,1,8,1
2022-05-03,2022-06-22,SFO,LGA,409.6,false,2,3686.0,false,50,3,6,2
2022-07-05,2022-08-25,MIA,PHL,268.6,false,3,1263.0,false,51,4,8,2
2022-09-07,2022-10-07,ATL,DFW,137.6,false,9,924.0,true,30,5,10,3
2022-05-01,2022-06-18,IAD,OAK,602.2,false,3,2424.0,false,48,6,6,0
2022-09-15,2022-10-04,PHL,ATL,280.6,true,7,667.0,false,19,2,10,4
2022-09-16,2022-10-17,BOS,MIA,177.61,false,9,1289.0,true,31,1,10,5
2022-10-03,2022-11-07,LAX,LGA,237.2,false,9,2480.0,false,35,1,11,1
2022-07-02,2022-07-19,BOS,LAX,266.6,false,5,2677.0,false,17,2,7,6
2022-08-14,2022-09-06,DFW,OAK,521.71,false,1,2819.0,false,23,2,9,0
2022-09-22,2022-11-06,ORD,LGA,488.6,true,7,720.0,false,45,0,11,4
2022-06-13,2022-07-26,DFW,JFK,143.6,true,7,1380.0,false,43,2,7,1
2022-09-17,2022-10-23,ATL,LGA,437.21,false,7,1132.0,false,36,0,10,6
2022-07-02,2022-07-09,PHL,ORD,200.6,false,2,711.0,false,7,6,7,6
2022-04-17,2022-06-08,DEN,MIA,418.6,false,9,1803.0,false,52,3,6,0
2022-06-13,2022-06-17,DTW,SFO,598.61,true,9,2083.0,false,4,5,6,1
2022-09-10,2022-10-01,LAX,BOS,168.61,true,9,2606.0,true,21,6,10,6
2022-05-18,2022-07-16,JFK,BOS,113.6,true,10,185.0,false,59,6,7,3
2022-07-21,2022-09-15,PHL,ORD,308.6,false,9,687.0,false,56,4,9,4
2022-08-14,2022-09-30,OAK,CLT,706.31,false,7,3614.0,false,47,5,9,0
2022-09-24,2022-10-13,SFO,ORD,368.6,false,5,1927.0,false,19,4,10,6
2022-08-03,2022-08-22,DFW,PHL,288.6,true,7,1298.0,false,19,1,8,3
2022-05-24,2022-06-04,DEN,EWR,455.6,false,1,1694.0,false,11,6,6,2
2022-07-01,2022-08-01,LAX,BOS,389.61,false,3,2643.0,false,31,1,8,5
2022-08-13,2022-08-18,PHL,LAX,369.1,false,7,2525.0,false,5,4,8,6
2022-07-09,2022-07-25,DEN,IAD,274.6,false,2,1533.0,false,16,1,7,6
2022-08-12,2022-08-30,CLT,BOS,744.5,false,1,1002.0,false,18,2,8,5
2022-06-17,2022-06-29,BOS,DTW,228.6,false,2,797.0,false,12,3,6,5
2022-07-01,2022-07-30,JFK,DTW,456.1,false,7,1050.0,false,29,6,7,5
2022-08-06,2022-08-29,LAX,LGA,227.6,false,7,2465.0,false,23,1,8,6
2022-08-12,2022-09-22,DFW,IAD,147.6,false,9,1601.0,true,41,4,9,5
2022-06-03,2022-06-09,DTW,MIA,455.19,false,3,1589.0,false,6,4,6,5
2022-05-27,2022-06-14,BOS,SFO,511.6,false,2,2832.0,false,18,2,6,5
2022-08-16,2022-10-02,LGA,DFW,235.6,true,5,1380.0,false,47,0,10,2
2022-06-20,2022-07-24,LAX,ORD,410.58,false,0,1810.0,false,34,0,7,1
2022-08-22,2022-09-06,DEN,MIA,214.6,false,7,2095.0,true,15,2,9,1
2022-07-08,2022-08-01,CLT,MIA,160.1,false,9,824.0,true,24,1,8,5
2022-08-18,2022-09-15,DTW,DEN,406.1,false,4,1851.0,false,28,4,9,4
2022-09-06,2022-10-16,ORD,SFO,415.6,true,7,1847.0,false,40,0,10,2
2022-07-04,2022-07-11,BOS,LAX,436.1,false,7,2849.0,false,7,1,7,1
2022-08-20,2022-08-22,ATL,MIA,156.1,false,7,880.0,true,2,1,8,6
2022-07-10,2022-07-17,LAX,PHL,486.6,false,3,2564.0,false,7,0,7,0
2022-09-05,2022-10-15,EWR,MIA,43.59,true,0,1104.0,false,40,6,10,1
2022-05-05,2022-06-07,OAK,EWR,591.6,false,2,2558.0,false,33,2,6,4
2022-06-26,2022-08-05,JFK,LAX,498.6,false,9,2659.0,false,40,5,8,0
2022-07-29,2022-08-17,DFW,CLT,312.6,false,9,1925.0,false,19,3,8,5
2022-05-12,2022-06-27,CLT,DTW,167.1,false,7,1030.0,false,46,1,6,4
2022-05-20,2022-06-10,LAX,BOS,446.58,false,0,2643.0,false,21,5,6,5
2022-09-24,2022-11-06,LAX,MIA,247.6,false,7,3562.0,false,43,0,11,6
2022-04-19,2022-05-04,ORD,ATL,159.68,false,0,844.0,false,15,3,5,2
2022-08-21,2022-09-08,BOS,LAX,130.6,false,7,2607.0,true,18,4,9,0
2022-09-12,2022-10-02,EWR,ORD,187.6,false,9,815.0,true,20,0,10,1
2022-09-21,2022-11-02,PHL,CLT,203.6,false,7,1004.0,false,42,3,11,3
2022-07-28,2022-09-05,SFO,LAX,275.6,false,0,339.0,false,39,1,9,4
2022-05-01,2022-06-12,CLT,LAX,770.1,false,1,2173.0,false,42,0,6,0
2022-06-10,2022-07-02,DEN,LGA,424.2,false,3,2030.0,false,22,6,7,5
2022-09-16,2022-10-24,OAK,IAD,1021.7,false,7,3274.0,false,38,1,10,5
2022-06-16,2022-07-02,ORD,JFK,636.6,false,6,1400.0,false,16,6,7,4
2022-06-25,2022-08-06,ORD,LAX,168.59,true,0,1810.0,false,42,6,8,6
2022-05-04,2022-07-01,LAX,ATL,507.6,false,7,1963.0,false,58,5,7,3
2022-09-19,2022-10-03,ATL,BOS,242.6,false,3,947.0,false,14,1,10,1
2022-07-19,2022-08-01,DFW,LAX,263.6,true,3,1238.0,false,13,1,8,2
2022-05-08,2022-07-06,BOS,LAX,391.1,true,3,2606.0,false,59,3,7,0
2022-07-24,2022-08-27,ATL,BOS,177.61,false,1,947.0,false,34,6,8,0
2022-06-07,2022-06-17,BOS,DEN,478.61,false,3,1847.0,false,10,5,6,2
2022-05-02,2022-06-06,BOS,ATL,212.6,false,1,947.0,false,35,1,6,1
2022-07-08,2022-07-31,JFK,DTW,567.7,false,9,1009.0,false,23,0,7,5
2022-09-09,2022-09-20,LAX,EWR,297.61,true,7,2458.0,false,11,2,9,5
2022-06-07,2022-06-15,JFK,BOS,183.6,true,8,185.0,false,8,3,6,2
2022-08-04,2022-09-24,BOS,LAX,159.7,false,9,2945.0,true,51,6,9,4
2022-09-27,2022-10-09,MIA,EWR,224.6,true,4,1104.0,false,12,0,10,2
2022-05-07,2022-05-10,LAX,DEN,232.6,true,1,848.0,false,3,2,5,6
2022-05-02,2022-06-08,LGA,DTW,195.6,true,7,485.0,false,37,3,6,1
2022-09-03,2022-10-11,MIA,DFW,359.2,false,9,1321.0,false,38,2,10,6
2022-05-25,2022-07-04,EWR,PHL,193.6,true,9,97.0,true,40,1,7,3
2022-07-17,2022-07-22,MIA,LAX,311.58,false,0,2457.0,false,5,5,7,0
2022-07-13,2022-08-25,SFO,ATL,348.62,false,7,3328.0,false,43,4,8,3
2022-07-10,2022-09-04,OAK,ORD,319.98,false,7,2395.0,true,56,0,9,0
2022-07-25,2022-08-17,CLT,BOS,124.08,false,0,730.0,false,23,3,8,1
2022-04-30,2022-06-27,LAX,DFW,498.6,false,7,1616.0,false,58,1,6,6
2022-07-04,2022-08-19,JFK,BOS,143.6,true,7,185.0,false,46,5,8,1
2022-08-03,2022-09-24,DFW,EWR,192.6,false,9,1519.0,true,52,6,9,3
2022-07-06,2022-08-29,SFO,ATL,1061.6,false,7,2282.0,false,54,1,8,3
2022-08-28,2022-09-18,ORD,IAD,328.6,true,4,594.0,false,21,0,9,0
2022-04-29,2022-06-22,DEN,LAX,148.6,true,7,848.0,false,54,3,6,5
2022-10-05,2022-10-23,PHL,DFW,382.61,true,7,1298.0,false,18,0,10,3
2022-10-01,2022-10-07,OAK,MIA,897.2,false,2,2674.0,false,6,5,10,6
2022-06-15,2022-06-29,MIA,DFW,242.6,false,9,1321.0,false,14,3,6,3
2022-07-21,2022-09-09,SFO,JFK,428.6,true,7,2566.0,false,50,5,9,4
2022-09-13,2022-09-17,PHL,JFK,342.2,false,7,465.0,true,4,6,9,2
2022-07-15,2022-07-26,LGA,ATL,207.6,false,4,762.0,false,11,2,7,5
2022-09-15,2022-09-21,PHL,JFK,197.21,false,7,465.0,true,6,3,9,4
2022-06-26,2022-07-31,LAX,EWR,628.6,false,9,2802.0,false,35,0,7,0
2022-08-13,2022-08-28,CLT,PHL,159.1,false,7,636.0,true,15,0,8,6
2022-07-30,2022-09-24,BOS,ORD,97.6,false,7,905.0,false,56,6,9,6
2022-10-02,2022-10-29,ATL,LAX,308.6,true,9,1943.0,false,27,6,10,0
2022-07-05,2022-08-22,BOS,LGA,103.6,true,7,185.0,false,48,1,8,2
2022-05-02,2022-06-12,LAX,DEN,387.61,false,5,960.0,false,41,0,6,1
2022-10-02,2022-11-08,CLT,LAX,155.1,true,7,2121.0,false,37,2,11,0
2022-06-06,2022-06-18,OAK,EWR,761.6,false,6,2796.0,false,12,6,6,1
2022-07-03,2022-07-08,DTW,DFW,294.6,false,7,1039.0,false,5,5,7,0
2022-08-30,2022-09-04,CLT,OAK,290.08,false,0,2675.0,false,5,0,9,2
2022-05-22,2022-07-05,LAX,DEN,207.6,false,5,960.0,false,44,2,7,0
2022-09-04,2022-09-30,IAD,DEN,421.6,false,9,1842.0,false,26,5,9,0
2022-08-05,2022-08-17,DTW,BOS,319.2,false,9,797.0,false,12,3,8,5
2022-04-20,2022-04-30,DFW,LAX,168.96,false,0,1456.0,false,10,6,4,3
2022-07-20,2022-09-05,EWR,DTW,144.58,false,0,612.0,false,47,1,9,3
2022-06-16,2022-07-27,CLT,DEN,367.1,false,7,1435.0,false,41,3,7,4
2022-09-21,2022-11-04,EWR,LAX,150.6,true,9,2458.0,true,44,5,11,3
2022-08-16,2022-09-23,DEN,OAK,76.58,false,0,1186.0,false,38,5,9,2
2022-09-17,2022-09-26,JFK,DTW,205.21,false,7,807.0,false,9,1,9,6
2022-05-14,2022-05-29,OAK,SFO,237.2,false,4,677.0,false,15,0,5,6
2022-09-15,2022-11-02,DFW,BOS,175.61,false,7,1583.0,true,48,3,11,4
2022-06-28,2022-08-16,SFO,ATL,568.11,false,9,2496.0,false,49,2,8,2
2022-07-12,2022-07-23,EWR,BOS,450.1,false,7,1273.0,false,11,6,7,2
2022-07-30,2022-09-19,LAX,BOS,263.61,false,7,3599.0,false,51,1,9,6
2022-07-08,2022-08-13,PHL,SFO,293.98,false,4,2521.0,false,36,6,8,5
2022-07-23,2022-08-28,OAK,EWR,571.6,false,9,2796.0,false,36,0,8,6
2022-09-14,2022-10-13,SFO,BOS,431.6,false,7,3168.0,false,29,4,10,3
2022-09-26,2022-10-27,CLT,SFO,337.1,false,3,2363.0,false,31,4,10,1
2022-09-16,2022-10-01,DEN,MIA,386.6,false,9,1803.0,false,15,6,10,5
2022-06-29,2022-07-05,LGA,DFW,218.6,true,9,1380.0,true,6,2,7,3
2022-08-20,2022-09-04,LGA,DEN,154.58,false,0,1634.0,false,15,0,9,6
2022-07-10,2022-09-01,LAX,CLT,580.7,false,6,2275.0,false,53,4,9,0
2022-07-14,2022-08-18,LAX,JFK,428.6,true,7,2458.0,false,35,4,8,4
2022-09-19,2022-10-18,EWR,MIA,113.6,true,7,1104.0,true,29,2,10,1
2022-07-27,2022-09-15,DFW,DEN,188.58,false,0,650.0,false,50,4,9,3
2022-05-24,2022-06-01,LAX,MIA,412.6,false,1,2937.0,false,8,3,6,2
2022-07-06,2022-08-08,LGA,ORD,123.61,true,4,720.0,false,33,1,8,3
2022-07-25,2022-09-08,DTW,CLT,420.1,false,9,1157.0,false,45,4,9,1
2022-06-10,2022-07-21,ATL,MIA,467.2,false,9,1866.0,false,41,4,7,5
2022-09-16,2022-10-13,DTW,ATL,328.6,true,9,604.0,false,27,4,10,5
2022-09-17,2022-09-25,CLT,OAK,736.2,false,3,3292.0,false,8,0,9,6
2022-05-02,2022-05-19,ATL,SFO,527.21,false,4,2282.0,false,17,4,5,1
2022-06-20,2022-08-03,JFK,SFO,428.6,true,7,2566.0,false,44,3,8,1
2022-09-19,2022-10-17,MIA,PHL,496.6,false,3,2287.0,false,28,1,10,1
2022-09-24,2022-10-23,DEN,MIA,308.6,false,8,2725.0,false,29,0,10,6
2022-09-17,2022-10-03,JFK,MIA,247.2,false,9,1358.0,true,16,1,10,6
2022-07-12,2022-09-07,PHL,EWR,181.6,false,7,1392.0,true,57,3,9,2
2022-08-13,2022-08-21,LGA,ORD,196.6,true,2,720.0,false,8,0,8,6
2022-07-01,2022-07-25,SFO,ATL,371.6,false,7,2857.0,true,24,1,7,5
2022-08-08,2022-08-09,SFO,BOS,307.6,false,9,2751.0,false,1,2,8,1
2022-04-21,2022-05-05,BOS,SFO,329.6,true,3,2698.0,false,14,4,5,4
2022-06-26,2022-07-30,ATL,MIA,260.2,false,7,1866.0,false,34,6,7,0
2022-07-12,2022-09-10,SFO,DTW,287.6,false,9,2119.0,true,60,6,9,2
2022-08-23,2022-08-27,ORD,DEN,252.1,false,7,1938.0,false,4,6,8,2
2022-08-17,2022-08-21,LAX,SFO,434.01,false,4,1760.0,false,4,0,8,3
2022-04-21,2022-05-18,ATL,JFK,240.1,false,7,773.0,false,27,3,5,4
2022-07-29,2022-09-20,BOS,ATL,521.61,false,9,1599.0,false,53,2,9,5
2022-08-12,2022-09-22,SFO,DEN,232.19,false,8,1187.0,false,41,4,9,5
2022-08-10,2022-08-22,DTW,PHL,378.6,false,4,912.0,false,12,1,8,3
2022-05-09,2022-06-22,EWR,PHL,331.6,false,5,1392.0,false,44,3,6,1
2022-05-26,2022-07-23,SFO,LGA,442.61,false,7,3665.0,false,58,6,7,4
2022-10-04,2022-10-20,LAX,LGA,180.07,false,0,2573.0,false,16,4,10,2
2022-07-05,2022-08-30,DTW,JFK,455.1,false,9,1055.0,false,56,2,8,2
2022-08-17,2022-08-21,LAX,PHL,538.6,false,6,2610.0,false,4,0,8,3
2022-08-11,2022-09-14,ATL,CLT,211.21,false,7,1248.0,true,34,3,9,4
2022-09-10,2022-09-20,DFW,ORD,215.6,true,7,799.0,false,10,2,9,6
2022-09-30,2022-10-06,DFW,EWR,316.1,false,1,1475.0,false,6,4,10,5
2022-05-28,2022-07-19,BOS,OAK,352.58,false,0,3039.0,false,52,2,7,6
2022-04-19,2022-04-30,OAK,ATL,193.78,false,0,2439.0,false,11,6,4,2
2022-06-26,2022-07-09,EWR,PHL,341.2,false,7,1002.0,false,13,6,7,0
2022-09-03,2022-09-04,LAX,PHL,488.6,false,7,2407.0,false,1,0,9,6
2022-08-03,2022-08-07,LAX,LGA,352.6,false,9,2543.0,true,4,0,8,3
2022-07-13,2022-08-15,IAD,PHL,430.6,false,2,533.0,false,33,1,8,3
2022-07-24,2022-08-30,SFO,EWR,301.61,false,7,2883.0,false,37,2,8,0
2022-05-19,2022-05-28,LGA,DTW,200.6,false,1,612.0,false,9,6,5,4
2022-08-26,2022-08-27,PHL,MIA,252.1,false,7,1101.0,false,1,6,8,5
2022-06-17,2022-06-21,JFK,ORD,477.1,false,4,1081.0,false,4,2,6,5
2022-08-03,2022-08-08,DFW,MIA,302.2,false,6,2484.0,false,5,1,8,3
2022-05-30,2022-06-13,ATL,BOS,425.6,false,2,947.0,false,14,1,6,1
2022-09-27,2022-11-04,PHL,LGA,287.11,false,7,907.0,true,38,5,11,2
2022-05-09,2022-07-03,MIA,ATL,601.61,false,5,1649.0,false,55,0,7,1
2022-08-11,2022-08-29,PHL,SFO,207.6,false,9,2663.0,true,18,1,8,4
2022-08-08,2022-09-27,LGA,ATL,79.1,false,7,773.0,true,50,2,9,1
2022-06-10,2022-06-13,DEN,SFO,133.98,true,4,954.0,false,3,1,6,5
2022-06-29,2022-07-28,DFW,CLT,313.6,false,6,1925.0,false,29,4,7,3
2022-06-26,2022-06-27,LGA,DFW,497.6,false,1,1652.0,false,1,1,6,0
2022-05-21,2022-07-12,IAD,LAX,545.6,false,7,2473.0,false,52,2,7,6
2022-04-22,2022-05-13,SFO,DEN,357.2,false,7,1696.0,false,21,5,5,5
2022-06-10,2022-07-15,BOS,JFK,172.2,false,9,627.0,true,35,5,7,5
2022-05-08,2022-06-18,ATL,PHL,271.58,false,0,677.0,false,41,6,6,0
2022-06-08,2022-06-17,OAK,ORD,821.61,false,9,2083.0,false,9,5,6,3
2022-09-19,2022-10-27,MIA,BOS,97.6,false,9,1289.0,true,38,4,10,1
2022-10-01,2022-10-19,DEN,LAX,253.6,false,7,1975.0,true,18,3,10,6
2022-06-24,2022-08-01,CLT,EWR,157.1,true,7,545.0,false,38,1,8,5
2022-07-15,2022-08-05,MIA,ATL,158.6,true,2,596.0,false,21,5,8,5
2022-06-29,2022-08-04,BOS,CLT,178.6,true,9,728.0,false,36,4,8,3
2022-08-13,2022-10-03,SFO,ORD,158.6,true,9,1847.0,true,51,1,10,6
2022-07-01,2022-08-18,LAX,BOS,2424.6,false,7,2643.0,false,48,4,8,5
2022-07-18,2022-08-28,OAK,PHL,691.59,false,7,3044.0,false,41,0,8,1
2022-07-20,2022-08-18,LGA,ATL,77.6,false,9,762.0,true,29,4,8,3
2022-07-04,2022-07-25,LGA,CLT,158.6,true,9,545.0,true,21,1,7,1
2022-05-03,2022-06-01,JFK,DFW,571.71,false,9,1658.0,false,29,3,6,2
2022-08-15,2022-09-09,LGA,DEN,127.6,false,7,1623.0,true,25,5,9,1
2022-10-01,2022-10-09,ATL,ORD,225.59,true,0,844.0,false,8,0,10,6
2022-08-26,2022-09-01,CLT,IAD,170.1,true,7,327.0,true,6,4,9,5
2022-07-11,2022-08-01,ORD,ATL,328.6,true,9,600.0,false,21,1,8,1
2022-04-25,2022-06-14,PHL,ORD,182.6,false,9,687.0,true,50,2,6,1
2022-09-14,2022-10-25,DEN,IAD,108.6,false,9,1748.0,true,41,2,10,3
2022-08-13,2022-09-26,BOS,MIA,122.6,false,7,1296.0,false,44,1,9,6
2022-05-09,2022-06-01,ATL,OAK,847.1,false,9,2412.0,false,23,3,6,1
2022-06-16,2022-07-12,LAX,ORD,342.6,true,3,1745.0,false,26,2,7,4
2022-04-27,2022-05-18,SFO,IAD,1048.6,true,9,2426.0,false,21,3,5,3
2022-04-17,2022-05-13,BOS,EWR,38.61,true,7,185.0,false,26,5,5,0
2022-08-24,2022-08-27,MIA,DFW,335.6,false,7,1289.0,false,3,6,8,3
2022-09-19,2022-10-14,LGA,LAX,227.6,false,5,2618.0,false,25,5,10,1
2022-05-08,2022-05-28,LAX,OAK,386.61,false,7,1628.0,false,20,6,5,0
2022-06-09,2022-06-22,PHL,CLT,141.6,false,7,1008.0,false,13,3,6,4
2022-09-03,2022-10-02,LGA,DFW,285.6,true,7,1380.0,false,29,0,10,6
2022-07-31,2022-09-25,LAX,LGA,221.62,false,7,2791.0,false,56,0,9,0
2022-06-09,2022-08-01,ATL,SFO,568.6,true,2,2135.0,false,53,1,8,4
2022-08-15,2022-10-03,CLT,EWR,177.1,false,9,990.0,false,49,1,10,1
2022-06-15,2022-07-20,OAK,DFW,120.58,false,0,2025.0,false,35,3,7,3
2022-08-06,2022-09-16,PHL,DFW,324.6,false,2,1301.0,false,41,5,9,6
2022-07-18,2022-09-16,MIA,DFW,292.21,false,6,1191.0,false,60,5,9,1
2022-07-31,2022-08-10,DTW,LAX,460.1,false,7,2943.0,false,10,3,8,0
2022-08-17,2022-09-20,DEN,BOS,229.6,true,1,1763.0,false,34,2,9,3
2022-08-07,2022-09-28,DFW,PHL,287.6,false,7,1304.0,false,52,3,9,0
2022-04-28,2022-06-20,LGA,DTW,378.61,true,9,485.0,false,53,1,6,4
2022-05-30,2022-07-11,OAK,LGA,785.31,false,9,2803.0,false,42,1,7,1
2022-06-27,2022-06-28,LAX,EWR,431.6,false,9,2466.0,false,1,2,6,1
2022-05-23,2022-05-27,LGA,MIA,195.6,false,1,1144.0,false,4,5,5,1
2022-05-22,2022-07-06,PHL,BOS,326.6,false,9,282.0,true,45,3,7,0
2022-10-01,2022-10-10,PHL,BOS,193.6,true,7,280.0,true,9,1,10,6
2022-07-28,2022-09-05,IAD,MIA,166.6,false,9,1325.0,true,39,1,9,4
2022-09-28,2022-11-04,JFK,DTW,113.6,true,6,485.0,false,37,5,11,3
2022-05-04,2022-05-05,SFO,BOS,363.6,false,7,3024.0,false,1,4,5,3
2022-08-06,2022-09-03,ORD,EWR,107.6,true,9,720.0,true,28,6,9,6
2022-07-21,2022-08-26,ATL,JFK,297.6,false,2,1700.0,false,36,5,8,4
2022-07-16,2022-09-13,SFO,EWR,187.6,false,7,2567.0,false,59,2,9,6
2022-06-10,2022-07-07,LGA,LAX,377.2,false,7,3163.0,false,27,4,7,5
2022-07-05,2022-08-03,PHL,CLT,408.6,false,9,895.0,false,29,3,8,2
2022-09-07,2022-10-01,OAK,BOS,537.1,false,9,3360.0,false,24,6,10,3
2022-06-29,2022-08-21,OAK,PHL,731.98,false,7,3044.0,false,53,0,8,3
2022-07-17,2022-08-18,LAX,ATL,571.6,false,9,2082.0,false,32,4,8,0
2022-06-16,2022-07-27,DFW,LAX,275.6,true,7,1193.0,false,41,3,7,4
2022-09-28,2022-11-06,DTW,DEN,208.61,true,6,1142.0,false,39,0,11,3
2022-04-19,2022-04-26,DFW,EWR,235.6,true,2,1380.0,false,7,2,4,2
2022-07-10,2022-07-19,OAK,LAX,447.09,false,3,1432.0,false,9,2,7,0
2022-07-10,2022-07-11,LAX,JFK,386.6,true,4,2458.0,false,1,1,7,0
2022-04-17,2022-05-31,LAX,DFW,248.6,true,7,1215.0,false,44,2,5,0
2022-05-11,2022-05-21,DFW,EWR,264.6,false,5,1487.0,false,10,6,5,3
2022-10-01,2022-10-12,LGA,SFO,202.6,false,9,2647.0,true,11,3,10,6
2022-08-22,2022-09-29,ORD,DEN,438.6,false,9,1034.0,false,38,4,9,1
2022-10-01,2022-10-20,LGA,ORD,111.6,false,9,815.0,true,19,4,10,6
2022-07-09,2022-07-22,DFW,DTW,408.19,false,9,1039.0,false,13,5,7,6
2022-07-13,2022-07-24,DTW,MIA,217.58,false,0,1589.0,false,11,0,7,3
2022-05-08,2022-07-05,CLT,LAX,610.69,false,7,2622.0,false,58,2,7,0
2022-06-14,2022-06-20,SFO,CLT,608.11,false,7,2536.0,false,6,1,6,2
2022-09-17,2022-10-30,ORD,EWR,112.6,false,9,815.0,true,43,0,10,6
2022-09-22,2022-11-03,MIA,DTW,150.6,false,7,1589.0,true,42,4,11,4
2022-07-17,2022-08-30,IAD,BOS,118.6,true,7,406.0,false,44,2,8,0
2022-09-16,2022-10-17,ATL,LGA,135.6,false,7,762.0,true,31,1,10,5
2022-09-28,2022-10-11,MIA,CLT,428.6,false,2,824.0,false,13,2,10,3
2022-08-03,2022-08-26,JFK,MIA,143.6,true,6,1104.0,false,23,5,8,3
2022-09-16,2022-10-06,LAX,JFK,318.6,true,9,2458.0,true,20,4,10,5
2022-04-16,2022-04-20,DTW,DFW,294.6,false,7,1039.0,false,4,3,4,6
2022-07-27,2022-09-23,SFO,DTW,541.7,false,7,2203.0,false,58,5,9,3
2022-10-01,2022-10-25,SFO,LGA,247.2,false,7,2884.0,false,24,2,10,6
2022-08-15,2022-09-01,ATL,DTW,248.6,true,9,604.0,false,17,4,9,1
2022-08-25,2022-10-04,LGA,IAD,484.59,false,9,537.0,false,40,2,10,4
2022-08-20,2022-08-25,BOS,ATL,217.61,false,7,947.0,true,5,4,8,6
2022-05-12,2022-05-30,DEN,BOS,369.6,true,7,1763.0,false,18,1,5,4
2022-08-19,2022-09-06,BOS,ORD,111.6,false,7,1000.0,true,18,2,9,5
2022-05-04,2022-05-29,DTW,OAK,657.1,false,7,2328.0,false,25,0,5,3
2022-08-15,2022-09-20,ATL,LAX,119.58,false,0,2013.0,false,36,2,9,1
2022-08-22,2022-08-25,PHL,BOS,491.59,false,1,1534.0,false,3,4,8,1
2022-07-26,2022-08-24,CLT,DFW,311.1,false,7,1432.0,false,29,3,8,2
2022-07-12,2022-09-03,ORD,ATL,159.1,false,7,820.0,false,53,6,9,2
2022-07-12,2022-07-13,SFO,EWR,469.6,false,7,2797.0,false,1,3,7,2
2022-09-06,2022-09-10,ORD,DFW,244.6,true,9,799.0,true,4,6,9,2
2022-07-03,2022-08-01,JFK,ORD,158.6,true,7,720.0,false,29,1,8,0
2022-09-12,2022-09-26,BOS,OAK,497.7,false,4,3978.0,false,14,1,9,1
2022-07-13,2022-07-28,LGA,BOS,78.6,true,9,185.0,true,15,4,7,3
2022-08-20,2022-09-30,MIA,CLT,401.6,false,7,1250.0,false,41,5,9,6
2022-08-05,2022-08-27,LAX,LGA,442.6,false,9,2802.0,false,22,6,8,5
2022-08-12,2022-09-12,CLT,LGA,320.1,false,7,913.0,false,31,1,9,5
2022-04-27,2022-04-29,DTW,DEN,304.61,false,7,1645.0,false,2,5,4,3
2022-09-28,2022-10-17,ATL,BOS,187.6,false,7,947.0,true,19,1,10,3
2022-06-21,2022-06-23,CLT,ATL,396.6,false,2,981.0,false,2,4,6,2
2022-06-10,2022-07-14,PHL,CLT,238.6,true,7,449.0,false,34,4,7,5
2022-09-03,2022-09-08,DFW,CLT,358.6,false,5,941.0,false,5,4,9,6
2022-08-23,2022-09-27,SFO,OAK,157.6,false,7,1351.0,false,35,2,9,2
2022-07-08,2022-08-15,IAD,BOS,250.7,false,1,1055.0,false,38,1,8,5
2022-05-04,2022-05-17,ATL,SFO,598.6,false,1,2161.0,false,13,2,5,3
2022-06-26,2022-07-07,DFW,IAD,257.6,false,6,1601.0,false,11,4,7,0
2022-07-25,2022-08-14,DFW,ATL,363.6,true,2,725.0,false,20,0,8,1
2022-09-08,2022-10-11,LGA,SFO,232.6,false,2,2567.0,false,33,2,10,4
2022-07-29,2022-08-21,LAX,DTW,168.58,false,0,2233.0,false,23,0,8,5
2022-07-07,2022-07-16,LAX,OAK,487.2,false,7,1628.0,false,9,6,7,4
2022-07-12,2022-07-22,EWR,PHL,480.6,false,7,1392.0,false,10,5,7,2
2022-09-05,2022-10-04,JFK,OAK,238.6,false,9,2796.0,true,29,2,10,1
2022-07-17,2022-09-01,DEN,LGA,359.01,false,4,1969.0,false,46,4,9,0
2022-07-03,2022-07-11,DFW,ORD,132.59,true,0,1153.0,false,8,1,7,0
2022-06-03,2022-07-28,LGA,PHL,521.58,false,9,1429.0,false,55,4,7,5
2022-07-03,2022-07-18,ORD,CLT,229.6,true,5,592.0,false,15,1,7,0
2022-05-08,2022-07-02,PHL,OAK,807.1,false,5,2755.0,false,55,6,7,0
2022-09-07,2022-09-09,IAD,PHL,698.6,false,6,838.0,false,2,5,9,3
2022-07-02,2022-08-11,BOS,PHL,83.6,true,9,280.0,true,40,4,8,6
2022-07-21,2022-08-04,LAX,CLT,370.6,false,1,2337.0,false,14,4,8,4
2022-10-05,2022-11-11,BOS,DEN,247.6,false,9,1817.0,false,37,5,11,3
2022-06-10,2022-06-19,DEN,EWR,366.1,false,7,1891.0,false,9,0,6,5
2022-06-21,2022-07-08,ORD,CLT,268.6,true,3,592.0,false,17,5,7,2
2022-09-25,2022-11-03,LGA,DTW,98.6,true,7,485.0,true,39,4,11,0
2022-05-04,2022-05-17,PHL,SFO,539.61,false,4,2590.0,false,13,2,5,3
2022-04-23,2022-05-23,LAX,LGA,357.6,false,7,2791.0,false,30,1,5,6
2022-05-04,2022-05-15,BOS,DTW,333.6,true,7,622.0,false,11,0,5,3
2022-10-02,2022-10-28,DTW,CLT,226.1,false,7,1411.0,false,26,5,10,0
2022-10-01,2022-10-13,ORD,ATL,711.55,false,2,1004.0,false,12,4,10,6
2022-05-27,2022-05-29,DFW,CLT,558.6,false,7,953.0,false,2,0,5,5
2022-05-29,2022-06-01,BOS,SFO,568.6,true,3,2698.0,false,3,3,6,0
2022-07-23,2022-08-31,PHL,DFW,127.6,false,9,1392.0,true,39,3,8,6
2022-08-01,2022-09-22,JFK,ORD,541.6,false,9,1011.0,false,52,4,9,1
2022-06-04,2022-07-08,ATL,LAX,508.61,true,9,1943.0,false,34,5,7,6
2022-07-21,2022-09-09,LGA,CLT,237.6,false,9,548.0,false,50,5,9,4
2022-07-08,2022-07-24,DEN,BOS,514.6,false,0,1806.0,false,16,0,7,5
2022-06-01,2022-06-19,PHL,LGA,441.19,false,3,1392.0,false,18,0,6,3
2022-09-12,2022-10-01,DTW,LGA,258.6,true,9,485.0,false,19,6,10,1
2022-09-30,2022-11-08,JFK,IAD,90.6,true,9,221.0,true,39,2,11,5
2022-07-03,2022-08-09,DEN,EWR,484.19,false,7,1948.0,false,37,2,8,0
2022-05-03,2022-05-27,MIA,PHL,238.6,true,7,1016.0,false,24,5,5,2
2022-06-29,2022-08-15,ORD,PHL,658.6,false,9,687.0,false,47,1,8,3
2022-07-29,2022-09-17,BOS,LAX,177.61,false,7,2607.0,false,50,6,9,5
2022-04-19,2022-05-10,DFW,CLT,171.6,false,9,1925.0,true,21,2,5,2
2022-10-05,2022-10-22,PHL,OAK,259.59,false,4,2510.0,false,17,6,10,3
2022-07-04,2022-07-12,BOS,MIA,117.6,false,3,1289.0,false,8,2,7,1
2022-04-27,2022-04-30,ATL,EWR,191.58,false,0,762.0,false,3,6,4,3
2022-06-11,2022-08-10,BOS,SFO,594.6,true,7,2698.0,false,60,3,8,6
2022-04-28,2022-05-20,ATL,EWR,208.61,true,9,762.0,false,22,5,5,4
2022-06-16,2022-08-14,SFO,MIA,499.19,false,3,2599.0,false,59,0,8,4
2022-07-30,2022-08-25,DEN,DFW,242.2,false,7,953.0,false,26,4,8,6
2022-08-13,2022-10-02,PHL,OAK,867.1,false,7,3188.0,false,50,0,10,6
2022-08-09,2022-09-01,IAD,DEN,617.6,false,7,1827.0,false,23,4,9,2
2022-09-07,2022-09-25,JFK,OAK,572.08,false,6,3917.0,false,18,0,9,3
2022-07-08,2022-08-30,IAD,JFK,462.2,false,9,690.0,false,53,2,8,5
2022-08-08,2022-08-24,DEN,DFW,107.6,false,9,1372.0,true,16,3,8,1
2022-09-05,2022-09-30,PHL,JFK,342.6,false,7,514.0,false,25,5,9,1
2022-07-25,2022-09-14,BOS,JFK,98.6,true,3,185.0,false,51,3,9,1
2022-07-04,2022-07-12,ORD,SFO,338.6,false,9,1850.0,false,8,2,7,1
2022-09-08,2022-10-01,DEN,JFK,527.21,false,9,1623.0,false,23,6,10,4
2022-09-30,2022-11-01,ORD,DFW,127.6,false,9,1166.0,true,32,2,11,5
2022-08-24,2022-09-26,CLT,ORD,276.1,false,6,745.0,false,33,1,9,3
2022-08-26,2022-09-24,LGA,ORD,113.6,true,7,720.0,true,29,6,9,5
2022-06-29,2022-08-19,JFK,ORD,486.6,false,9,815.0,false,51,5,8,3
2022-05-20,2022-06-06,MIA,LGA,234.61,false,7,1445.0,false,17,1,6,5
2022-10-01,2022-11-16,LGA,ORD,102.6,true,7,731.0,true,46,3,11,6
2022-07-04,2022-08-18,ORD,BOS,117.6,false,2,1000.0,false,45,4,8,1
2022-09-12,2022-10-15,EWR,DEN,266.2,false,7,1623.0,true,33,6,10,1
2022-09-08,2022-09-14,LGA,OAK,816.11,false,2,2803.0,false,6,3,9,4
2022-04-29,2022-06-07,MIA,LGA,114.6,true,7,1104.0,false,39,2,6,5
2022-05-10,2022-05-12,ORD,JFK,118.6,true,7,720.0,true,2,4,5,2
2022-05-26,2022-06-07,SFO,OAK,337.2,false,2,1093.0,false,12,2,6,4
2022-07-29,2022-07-31,DTW,CLT,467.6,false,2,1030.0,false,2,0,7,5
2022-07-19,2022-08-08,BOS,CLT,268.19,false,2,733.0,false,20,1,8,2
2022-07-05,2022-08-07,MIA,ORD,366.2,false,7,1517.0,false,33,0,8,2
2022-07-04,2022-07-06,LGA,ORD,194.73,true,9,720.0,true,2,3,7,1
2022-07-05,2022-08-11,BOS,LAX,518.6,false,2,2569.0,false,37,4,8,2
2022-05-30,2022-07-26,LGA,CLT,158.6,true,7,545.0,false,57,2,7,1
2022-05-12,2022-06-05,OAK,ATL,826.08,false,7,2896.0,false,24,0,6,4
2022-06-28,2022-07-27,BOS,ORD,169.58,false,0,862.0,false,29,3,7,2
2022-07-19,2022-08-28,LGA,IAD,476.61,false,9,916.0,false,40,0,8,2
2022-04-26,2022-04-29,EWR,ORD,162.1,false,5,1137.0,false,3,5,4,2
2022-06-07,2022-06-23,DEN,DTW,556.6,false,4,1645.0,false,16,4,6,2
2022-06-26,2022-07-25,SFO,EWR,935.1,false,2,2837.0,false,29,1,7,0
2022-07-08,2022-07-26,JFK,CLT,238.6,true,7,545.0,false,18,2,7,5
2022-04-23,2022-06-13,EWR,LAX,365.6,false,7,2509.0,false,51,1,6,6
2022-06-27,2022-08-01,ORD,LAX,470.6,true,7,1745.0,false,35,1,8,1
2022-08-13,2022-09-13,ORD,ATL,149.6,false,7,1135.0,true,31,2,9,6
2022-07-15,2022-07-17,LGA,ORD,213.6,true,5,720.0,false,2,0,7,5
2022-04-23,2022-05-08,MIA,DTW,462.2,false,5,1200.0,false,15,0,5,6
2022-10-02,2022-10-29,ORD,OAK,92.58,false,0,2213.0,false,27,6,10,0
2022-05-14,2022-05-25,LGA,PHL,222.21,false,7,465.0,false,11,3,5,6
2022-07-16,2022-09-10,MIA,LAX,257.2,false,9,2676.0,true,56,6,9,6
2022-07-26,2022-07-28,ORD,BOS,537.6,true,3,862.0,false,2,4,7,2
2022-07-31,2022-08-12,CLT,DFW,311.1,false,7,1213.0,false,12,5,8,0
2022-05-28,2022-06-28,OAK,LGA,626.1,false,5,2807.0,false,31,2,6,6
2022-08-15,2022-08-22,BOS,LAX,274.6,true,3,2606.0,false,7,1,8,1
2022-06-13,2022-08-06,OAK,DFW,327.58,false,0,2025.0,false,54,6,8,1
2022-06-14,2022-06-22,LAX,SFO,93.6,true,7,339.0,false,8,3,6,2
2022-08-18,2022-09-14,SFO,IAD,268.6,false,9,2676.0,true,27,3,9,4
2022-07-11,2022-08-25,LAX,LGA,467.6,false,9,2469.0,false,45,4,8,1
2022-07-11,2022-09-08,OAK,MIA,427.71,false,6,3014.0,false,59,4,9,1
2022-09-25,2022-10-05,DFW,DEN,297.6,false,4,1932.0,false,10,3,10,0
2022-08-18,2022-09-23,LGA,SFO,367.6,false,2,2883.0,false,36,5,9,4
2022-10-05,2022-11-04,OAK,PHL,697.3,false,6,2957.0,false,30,5,11,3
2022-08-11,2022-08-18,SFO,JFK,267.6,false,1,2791.0,false,7,4,8,4
2022-06-17,2022-08-12,DFW,EWR,360.2,false,9,1487.0,false,56,5,8,5
2022-06-15,2022-07-14,DEN,LGA,372.6,false,7,2030.0,false,29,4,7,3
2022-04-19,2022-05-13,BOS,IAD,248.6,true,5,406.0,false,24,5,5,2
2022-09-24,2022-09-29,CLT,BOS,749.49,false,1,1002.0,false,5,4,9,6
2022-08-20,2022-09-22,DFW,ATL,113.58,false,0,725.0,false,33,4,9,6
2022-08-07,2022-09-02,IAD,DFW,348.61,false,7,1266.0,false,26,5,9,0
2022-06-30,2022-08-18,PHL,LGA,227.09,false,7,1044.0,false,49,4,8,4
2022-07-21,2022-08-09,ATL,EWR,68.6,true,9,762.0,true,19,2,8,4
2022-07-22,2022-09-17,CLT,LGA,160.1,false,7,548.0,false,57,6,9,5
2022-07-27,2022-09-21,BOS,PHL,83.6,true,7,280.0,false,56,3,9,3
2022-06-20,2022-07-07,PHL,ORD,171.6,false,1,721.0,false,17,4,7,1
2022-07-18,2022-08-01,SFO,OAK,319.58,false,1,1093.0,false,14,1,8,1
2022-05-18,2022-06-13,IAD,LGA,495.09,false,9,872.0,false,26,1,6,3
2022-06-19,2022-06-28,IAD,MIA,252.1,false,7,979.0,false,9,2,6,0
2022-08-04,2022-09-06,PHL,BOS,487.6,false,5,282.0,false,33,2,9,4
2022-07-24,2022-07-26,LAX,PHL,370.6,false,7,2398.0,false,2,2,7,0
2022-08-08,2022-08-11,DFW,MIA,254.58,false,0,1289.0,false,3,4,8,1
2022-08-21,2022-09-20,PHL,DFW,75.58,false,0,1392.0,false,30,2,9,0
2022-07-18,2022-08-18,DFW,JFK,567.11,false,9,994.0,false,31,4,8,1
2022-08-25,2022-09-13,LAX,LGA,187.6,false,7,2669.0,true,19,2,9,4
2022-06-26,2022-08-02,ATL,LAX,291.58,false,0,2013.0,false,37,2,8,0
2022-06-15,2022-08-10,MIA,CLT,161.6,false,7,663.0,false,56,3,8,3
2022-04-30,2022-05-06,DTW,ATL,417.2,false,6,1786.0,false,6,5,5,6
2022-10-02,2022-10-05,PHL,SFO,362.6,false,4,2519.0,false,3,3,10,0
2022-07-02,2022-08-10,DEN,LAX,214.6,false,8,1318.0,false,39,3,8,6
2022-04-20,2022-04-27,DFW,JFK,198.6,true,7,1380.0,false,7,3,4,3
2022-07-06,2022-07-21,LAX,LGA,577.6,false,5,2476.0,false,15,4,7,3
2022-09-05,2022-09-08,ATL,DTW,1007.55,false,1,836.0,false,3,4,9,1
2022-04-21,2022-05-20,ATL,BOS,300.1,false,7,956.0,false,29,5,5,4
2022-10-04,2022-10-24,ATL,DFW,131.58,false,0,725.0,false,20,1,10,2
2022-10-02,2022-10-21,BOS,ATL,248.6,true,9,947.0,false,19,5,10,0
2022-06-14,2022-07-18,DTW,LAX,529.1,false,7,2626.0,false,34,1,7,2
2022-08-06,2022-09-08,LGA,ATL,57.58,false,0,762.0,false,33,4,9,6
2022-06-25,2022-08-08,BOS,SFO,1145.72,false,1,2751.0,false,44,1,8,6
2022-10-04,2022-11-14,ORD,LGA,215.6,true,7,731.0,false,41,1,11,2
2022-08-17,2022-08-29,CLT,LGA,272.1,true,7,545.0,false,12,1,8,3
2022-08-31,2022-09-24,CLT,IAD,217.11,false,4,766.0,false,24,6,9,3
2022-08-07,2022-09-10,DFW,SFO,267.21,false,7,2342.0,true,34,6,9,0
2022-07-28,2022-09-02,DTW,LAX,368.6,false,2,2045.0,false,36,5,9,4
2022-08-15,2022-09-17,MIA,DFW,181.6,false,9,1321.0,true,33,6,9,1
2022-06-08,2022-06-29,SFO,LGA,547.6,false,7,2567.0,false,21,3,6,3
2022-09-07,2022-09-09,DEN,DFW,147.99,true,4,650.0,false,2,5,9,3
2022-05-22,2022-06-27,IAD,LGA,108.6,true,9,221.0,true,36,1,6,0
2022-08-30,2022-09-08,ATL,CLT,313.6,false,7,1248.0,true,9,4,9,2
2022-07-12,2022-08-10,MIA,ORD,181.6,false,9,1824.0,true,29,3,8,2
2022-05-24,2022-05-30,JFK,MIA,117.6,false,7,1144.0,true,6,1,5,2
2022-07-02,2022-08-09,MIA,DTW,187.6,false,7,1314.0,false,38,2,8,6
2022-09-04,2022-10-11,DFW,CLT,312.6,false,7,1213.0,false,37,2,10,0
2022-08-16,2022-08-26,ATL,EWR,317.6,false,1,2105.0,false,10,5,8,2
2022-08-21,2022-08-24,CLT,PHL,297.1,false,7,1004.0,false,3,3,8,0
2022-06-29,2022-07-21,JFK,LAX,582.19,false,7,2905.0,false,22,4,7,3
2022-09-25,2022-10-24,DFW,EWR,220.61,false,9,1652.0,true,29,1,10,0
2022-08-11,2022-10-03,ATL,BOS,217.2,false,9,1118.0,true,53,1,10,4
2022-05-07,2022-05-28,DEN,DTW,338.61,true,9,1142.0,false,21,6,5,6
2022-09-19,2022-09-29,PHL,SFO,328.6,false,9,2802.0,true,10,4,9,1
2022-09-11,2022-09-18,DFW,CLT,524.21,false,7,1439.0,false,7,0,9,0
2022-09-17,2022-10-18,EWR,ATL,176.11,false,7,773.0,true,31,2,10,6
2022-04-23,2022-05-20,BOS,MIA,253.61,true,7,1260.0,false,27,5,5,6
2022-05-26,2022-06-13,DTW,LGA,201.6,true,6,485.0,false,18,1,6,4
2022-07-06,2022-08-23,ATL,MIA,98.6,true,9,596.0,true,48,2,8,3
2022-09-29,2022-10-28,LGA,CLT,167.6,false,7,548.0,true,29,5,10,4
2022-07-29,2022-09-06,CLT,DEN,404.6,false,9,2169.0,false,39,2,9,5
2022-06-22,2022-06-28,LGA,MIA,157.6,false,9,1638.0,true,6,2,6,3
2022-09-14,2022-09-21,JFK,DEN,527.21,false,7,1623.0,false,7,3,9,3
2022-07-30,2022-08-01,DEN,PHL,370.6,false,4,1874.0,false,2,1,8,6
2022-05-14,2022-06-02,LAX,BOS,572.1,false,7,2849.0,false,19,4,6,6
2022-08-27,2022-10-08,MIA,ATL,218.6,true,9,596.0,false,42,6,10,6
2022-05-22,2022-06-06,BOS,DTW,232.2,false,5,670.0,false,15,1,6,0
2022-08-15,2022-09-22,SFO,ATL,312.61,false,7,3328.0,false,38,4,9,1
2022-08-14,2022-08-16,LAX,EWR,343.6,true,9,2458.0,true,2,2,8,0
2022-05-30,2022-06-13,DEN,PHL,207.58,false,0,1718.0,false,14,1,6,1
2022-07-10,2022-07-14,DTW,SFO,607.61,false,9,2739.0,false,4,4,7,0
2022-10-02,2022-11-06,DEN,BOS,392.21,false,7,1818.0,false,35,0,11,0
2022-06-26,2022-06-29,DTW,DEN,294.6,false,3,1645.0,false,3,3,6,0
2022-06-14,2022-07-27,LAX,LGA,477.61,false,9,2516.0,false,43,3,7,2
2022-05-28,2022-06-23,OAK,BOS,767.2,false,3,2944.0,false,26,4,6,6
2022-09-24,2022-10-06,DFW,LGA,288.6,true,7,1380.0,false,12,4,10,6
2022-05-26,2022-07-17,DTW,PHL,282.2,false,7,902.0,false,52,0,7,4
2022-08-24,2022-08-27,OAK,PHL,581.7,false,4,3703.0,false,3,6,8,3
2022-05-25,2022-07-23,EWR,SFO,759.6,false,9,2897.0,false,59,6,7,3
2022-08-25,2022-09-12,ATL,ORD,276.58,false,0,844.0,false,18,1,9,4
2022-08-14,2022-10-05,JFK,OAK,526.11,false,2,3917.0,false,52,3,10,0
2022-08-29,2022-08-31,DFW,JFK,192.6,false,7,1741.0,true,2,3,8,1
2022-09-18,2022-10-05,LGA,MIA,128.6,true,7,1104.0,false,17,3,10,0
2022-07-25,2022-08-17,DFW,ATL,140.6,true,7,725.0,false,23,3,8,1
2022-06-18,2022-06-27,DTW,PHL,368.6,true,4,447.0,false,9,1,6,6
2022-06-17,2022-07-16,OAK,ATL,344.0,false,4,2150.0,false,29,6,7,5
2022-04-21,2022-06-06,LAX,PHL,319.61,true,7,2397.0,false,46,1,6,4
2022-04-30,2022-05-28,ATL,LGA,269.6,true,3,762.0,false,28,6,5,6
2022-05-29,2022-07-07,PHL,LGA,310.19,false,9,1392.0,false,39,4,7,0
2022-06-19,2022-07-16,BOS,ORD,317.6,true,2,862.0,false,27,6,7,0
2022-07-31,2022-08-14,DEN,DTW,586.1,false,2,1851.0,false,14,0,8,0
2022-06-01,2022-06-11,LAX,PHL,414.01,false,4,2373.0,false,10,6,6,3
2022-09-11,2022-10-24,ORD,CLT,257.21,false,7,921.0,true,43,1,10,0
2022-09-09,2022-09-12,LAX,LGA,338.61,false,7,2791.0,false,3,1,9,5
2022-07-15,2022-09-13,BOS,SFO,280.6,true,9,2698.0,false,60,2,9,5
2022-07-22,2022-08-04,CLT,LGA,180.1,false,6,564.0,false,13,4,8,5
2022-06-26,2022-07-31,JFK,ORD,492.2,false,9,815.0,false,35,0,7,0
2022-09-12,2022-09-23,LGA,PHL,462.2,false,2,1392.0,false,11,5,9,1
2022-09-03,2022-09-13,LAX,BOS,202.6,false,9,2607.0,true,10,2,9,6
2022-08-21,2022-09-17,BOS,JFK,73.6,true,9,185.0,true,27,6,9,0
2022-09-14,2022-10-25,IAD,PHL,247.6,false,9,318.0,false,41,2,10,3
2022-07-02,2022-07-18,DEN,DTW,208.61,true,9,1142.0,true,16,1,7,6
2022-08-17,2022-08-19,CLT,ATL,432.6,false,7,1307.0,false,2,5,8,3
2022-09-13,2022-09-23,DFW,PHL,315.6,true,7,1298.0,false,10,5,9,2
2022-09-04,2022-09-24,IAD,PHL,219.61,false,7,1921.0,true,20,6,9,0
2022-04-23,2022-04-30,ATL,DTW,591.61,false,9,610.0,false,7,6,4,6
2022-05-02,2022-05-21,LGA,IAD,451.6,false,3,1303.0,false,19,6,5,1
2022-08-06,2022-09-13,BOS,DFW,404.6,true,7,1556.0,false,38,2,9,6
2022-06-27,2022-07-16,DTW,ATL,501.6,false,9,681.0,false,19,6,7,1
2022-09-23,2022-11-08,DFW,MIA,172.6,false,7,1991.0,false,46,2,11,5
2022-07-07,2022-08-26,LAX,DTW,239.58,false,0,2233.0,false,50,5,8,4
2022-06-29,2022-07-13,PHL,OAK,567.11,false,9,2755.0,false,14,3,7,3
2022-06-25,2022-08-01,SFO,DFW,498.6,false,9,1591.0,false,37,1,8,6
2022-07-27,2022-08-04,ATL,LAX,211.58,false,0,2013.0,false,8,4,8,3
2022-07-07,2022-07-21,SFO,ATL,517.6,false,2,2308.0,false,14,4,7,4
2022-10-02,2022-10-19,DEN,SFO,81.59,false,4,1024.0,false,17,3,10,0
2022-05-09,2022-06-23,DFW,JFK,230.6,true,7,1380.0,false,45,4,6,1
2022-08-18,2022-08-26,BOS,DFW,299.1,false,7,1658.0,false,8,5,8,4
2022-07-21,2022-09-07,BOS,ORD,111.6,false,7,1000.0,false,48,3,9,4
2022-06-07,2022-07-09,MIA,ATL,248.61,true,9,596.0,false,32,6,7,2
2022-06-04,2022-07-10,ORD,PHL,358.6,true,9,672.0,false,36,0,7,6
2022-07-10,2022-09-05,CLT,LAX,542.1,false,9,2464.0,false,57,1,9,0
2022-05-21,2022-05-29,EWR,ORD,137.6,false,9,815.0,true,8,0,5,6
2022-07-27,2022-09-18,LAX,MIA,408.6,false,2,2341.0,false,53,0,9,3
2022-09-30,2022-11-02,JFK,DTW,142.6,false,7,960.0,true,33,3,11,5
2022-07-31,2022-09-14,SFO,ORD,228.6,false,9,1927.0,true,45,3,9,0
2022-06-12,2022-07-21,PHL,SFO,517.6,false,7,2724.0,false,39,4,7,0
2022-09-28,2022-10-29,PHL,ORD,190.2,false,7,1142.0,true,31,6,10,3
2022-06-21,2022-07-19,CLT,SFO,687.1,false,9,2363.0,false,28,2,7,2
2022-07-03,2022-07-11,ORD,BOS,122.61,true,9,862.0,true,8,1,7,0
2022-06-17,2022-08-05,LGA,DTW,290.6,true,9,485.0,false,49,5,8,5
2022-04-22,2022-05-10,ATL,MIA,171.61,false,9,1866.0,true,18,2,5,5
2022-06-28,2022-08-02,DTW,DFW,357.6,false,9,1329.0,false,35,2,8,2
2022-04-27,2022-05-25,DFW,IAD,389.2,false,3,1601.0,false,28,3,5,3
2022-04-19,2022-06-01,DFW,SFO,308.6,true,7,1468.0,false,43,3,6,2
2022-09-30,2022-10-12,DFW,SFO,342.6,true,6,1468.0,false,12,3,10,5
2022-06-18,2022-08-09,ATL,SFO,626.6,false,7,3328.0,false,52,2,8,6
2022-08-13,2022-08-23,ATL,DTW,408.6,true,9,604.0,false,10,2,8,6
2022-09-07,2022-09-15,LGA,LAX,158.6,false,7,2573.0,true,8,4,9,3
2022-10-05,2022-11-09,PHL,SFO,204.1,false,1,2741.0,false,35,3,11,3
2022-06-09,2022-07-22,SFO,EWR,471.6,false,9,2649.0,false,43,5,7,4
2022-09-02,2022-10-08,LGA,ORD,215.6,true,7,720.0,false,36,6,10,5
2022-05-21,2022-05-30,SFO,JFK,433.6,true,7,2566.0,false,9,1,5,6
2022-05-21,2022-06-17,SFO,EWR,698.59,true,9,2566.0,false,27,5,6,6
2022-09-13,2022-10-12,ORD,DFW,171.6,false,7,804.0,true,29,3,10,2
2022-10-01,2022-10-17,LGA,BOS,93.6,true,7,186.0,false,16,1,10,6
2022-09-28,2022-11-04,OAK,MIA,1170.21,false,7,3394.0,false,37,5,11,3
2022-07-01,2022-08-30,OAK,LGA,626.1,false,9,3140.0,false,60,2,8,5
2022-08-18,2022-09-09,LAX,DFW,60.59,true,0,1456.0,false,22,5,9,4
2022-08-27,2022-10-12,LAX,IAD,297.6,false,9,2484.0,true,46,3,10,6
2022-06-18,2022-07-05,BOS,IAD,238.6,true,9,406.0,false,17,2,7,6
2022-07-10,2022-08-01,MIA,JFK,771.6,false,2,1144.0,false,22,1,8,0
2022-09-25,2022-10-19,EWR,LAX,204.6,false,7,2618.0,true,24,3,10,0
2022-09-21,2022-09-26,BOS,DFW,312.61,false,7,1565.0,false,5,1,9,3
2022-05-05,2022-05-12,LAX,ATL,632.2,false,3,2935.0,false,7,4,5,4
2022-06-27,2022-08-12,JFK,BOS,193.6,true,7,185.0,false,46,5,8,1
2022-08-04,2022-09-13,DTW,DEN,388.6,true,2,1142.0,false,40,2,9,4
2022-08-07,2022-08-12,BOS,DFW,370.6,false,7,1583.0,false,5,5,8,0
2022-06-08,2022-06-26,DFW,OAK,830.69,false,3,1618.0,false,18,0,6,3
2022-09-03,2022-10-22,CLT,SFO,504.6,false,7,2549.0,false,49,6,10,6
2022-06-19,2022-08-12,JFK,ATL,178.6,true,9,762.0,true,54,5,8,0
2022-09-04,2022-09-11,EWR,ORD,138.6,true,9,720.0,true,7,0,9,0
2022-07-30,2022-08-24,LAX,ORD,491.6,false,3,2679.0,false,25,3,8,6
2022-08-28,2022-08-29,LAX,DEN,244.6,true,9,848.0,false,1,1,8,0
2022-09-17,2022-10-02,EWR,SFO,401.6,false,1,2797.0,false,15,0,10,6
2022-08-02,2022-08-31,SFO,CLT,507.2,false,7,2423.0,false,29,3,8,2
2022-08-02,2022-09-23,DFW,LGA,148.6,true,7,1380.0,false,52,5,9,2
2022-05-12,2022-05-29,ORD,LAX,372.6,false,3,1709.0,false,17,0,5,4
2022-07-02,2022-07-08,PHL,EWR,350.2,false,7,1392.0,false,6,5,7,6
2022-07-14,2022-08-11,DEN,DFW,212.2,false,7,953.0,false,28,4,8,4
2022-08-21,2022-09-08,DTW,DFW,120.58,false,0,1328.0,false,18,4,9,0
2022-04-27,2022-05-03,DTW,LGA,178.1,false,7,1050.0,false,6,2,5,3
2022-05-26,2022-07-17,BOS,JFK,88.6,true,7,185.0,false,52,0,7,4
2022-07-25,2022-08-01,JFK,BOS,491.6,false,9,627.0,false,7,1,8,1
2022-09-03,2022-09-12,LAX,EWR,276.6,false,5,2465.0,false,9,1,9,6
2022-09-15,2022-10-16,EWR,BOS,168.61,true,8,185.0,false,31,0,10,4
2022-06-07,2022-06-22,OAK,DEN,487.19,false,9,1186.0,false,15,3,6,2
2022-07-15,2022-07-16,DFW,SFO,277.6,false,2,1524.0,false,1,6,7,5
2022-09-18,2022-10-18,DFW,OAK,417.1,false,7,3194.0,false,30,2,10,0
2022-06-15,2022-08-11,EWR,LAX,313.6,true,7,2458.0,false,57,4,8,3
2022-06-09,2022-08-01,IAD,PHL,308.59,false,6,1266.0,false,53,1,8,4
2022-04-29,2022-05-12,BOS,PHL,128.6,true,7,280.0,false,13,4,5,5
2022-04-20,2022-05-22,DTW,SFO,1007.6,false,9,2739.0,false,32,0,5,3
2022-05-09,2022-06-30,SFO,JFK,542.6,false,1,2848.0,false,52,4,6,1
2022-08-26,2022-09-14,CLT,PHL,246.1,false,7,1008.0,false,19,3,9,5
2022-08-08,2022-08-15,JFK,DEN,228.6,true,7,1621.0,false,7,1,8,1
2022-09-07,2022-09-28,EWR,DEN,162.2,false,9,2295.0,true,21,3,9,3
2022-08-15,2022-08-29,JFK,ORD,447.19,false,9,1074.0,false,14,1,8,1
2022-09-23,2022-10-08,JFK,SFO,308.6,true,7,2566.0,false,15,6,10,5
2022-06-30,2022-07-07,MIA,LGA,136.58,false,0,1104.0,false,7,4,7,4
2022-07-23,2022-08-23,PHL,CLT,247.6,false,7,469.0,false,31,2,8,6
2022-07-12,2022-09-08,JFK,ORD,492.2,false,9,815.0,false,58,4,9,2
2022-07-08,2022-08-25,ATL,CLT,208.2,false,7,868.0,false,48,4,8,5
2022-06-18,2022-07-26,CLT,MIA,197.1,false,8,824.0,false,38,2,7,6
2022-09-12,2022-10-01,JFK,LAX,277.19,false,7,2905.0,true,19,6,10,1
2022-07-28,2022-08-28,PHL,SFO,226.6,false,7,2724.0,false,31,0,8,4
2022-07-24,2022-08-17,IAD,DEN,361.6,false,9,1478.0,false,24,3,8,0
2022-06-28,2022-08-19,CLT,PHL,246.1,false,7,469.0,false,52,5,8,2
2022-09-09,2022-09-27,MIA,DTW,407.6,false,8,2036.0,false,18,2,9,5
2022-09-22,2022-10-09,PHL,BOS,118.6,true,9,280.0,true,17,0,10,4
2022-06-02,2022-06-06,EWR,CLT,377.6,false,7,1312.0,false,4,1,6,4
2022-07-15,2022-09-07,ATL,DTW,227.61,false,7,1569.0,false,54,3,9,5
2022-09-01,2022-10-06,JFK,BOS,108.6,true,2,185.0,false,35,4,10,4
2022-09-01,2022-09-25,DEN,BOS,231.1,false,7,2074.0,false,24,0,9,4
2022-08-20,2022-10-04,BOS,LAX,130.6,false,7,2677.0,true,45,2,10,6
2022-04-17,2022-05-10,SFO,MIA,504.6,false,7,3670.0,false,23,2,5,0
2022-06-29,2022-07-03,DEN,LAX,241.6,false,7,2227.0,false,4,0,7,3
2022-09-13,2022-09-21,LAX,JFK,212.6,false,7,2618.0,true,8,3,9,2
2022-06-03,2022-06-16,LGA,DFW,248.6,true,9,1380.0,true,13,4,6,5
2022-07-10,2022-08-09,DEN,LAX,177.61,false,9,970.0,false,30,2,8,0
2022-10-02,2022-10-07,BOS,JFK,203.6,true,7,186.0,true,5,5,10,0
2022-04-30,2022-05-14,SFO,ORD,537.6,false,5,2267.0,false,14,6,5,6
2022-08-14,2022-09-29,ATL,LAX,106.58,false,0,2013.0,false,46,4,9,0
2022-05-21,2022-07-12,SFO,CLT,462.6,false,6,2753.0,false,52,2,7,6
2022-06-29,2022-08-18,MIA,ORD,287.6,false,7,1193.0,false,50,4,8,3
2022-08-12,2022-09-05,SFO,DEN,172.6,true,3,954.0,false,24,1,9,5
2022-06-13,2022-08-10,LGA,PHL,379.6,false,9,1392.0,false,58,3,8,1
2022-07-29,2022-08-09,LGA,IAD,461.2,false,9,876.0,false,11,2,8,5
2022-09-09,2022-10-16,DFW,BOS,413.6,false,7,1565.0,false,37,0,10,5
2022-07-19,2022-09-13,ORD,SFO,267.19,false,7,2402.0,true,56,2,9,2
2022-07-14,2022-09-11,ORD,LGA,218.6,true,1,720.0,false,59,0,9,4
2022-09-09,2022-10-17,LGA,CLT,167.6,false,7,552.0,true,38,1,10,5
2022-06-25,2022-07-07,IAD,PHL,399.1,false,6,776.0,false,12,4,7,6
2022-09-30,2022-10-02,SFO,LAX,268.6,true,6,339.0,false,2,0,10,5
2022-07-25,2022-09-22,PHL,LGA,227.2,false,3,1392.0,false,59,4,9,1
2022-08-07,2022-09-13,IAD,DFW,127.6,false,9,1393.0,true,37,2,9,0
2022-08-08,2022-08-10,DEN,BOS,237.6,false,9,2154.0,true,2,3,8,1
2022-06-04,2022-07-09,MIA,IAD,316.1,false,3,979.0,false,35,6,7,6
2022-06-27,2022-07-03,SFO,DEN,358.6,true,5,954.0,false,6,0,7,1
2022-09-25,2022-10-07,DFW,ORD,271.58,false,0,1153.0,false,12,5,10,0
2022-08-01,2022-09-14,ORD,JFK,101.1,false,7,1137.0,true,44,3,9,1
2022-05-27,2022-07-20,ATL,BOS,253.6,false,5,947.0,false,54,3,7,5
2022-06-27,2022-07-21,CLT,MIA,447.1,false,1,824.0,false,24,4,7,1
2022-08-11,2022-09-01,SFO,LGA,589.41,false,7,2883.0,false,21,4,9,4
2022-08-25,2022-09-26,BOS,OAK,657.1,false,9,2731.0,false,32,1,9,4
2022-10-01,2022-11-16,CLT,PHL,257.1,false,7,469.0,false,46,3,11,6
2022-07-22,2022-08-30,LAX,DTW,318.6,true,9,1985.0,false,39,2,8,5
2022-06-06,2022-06-18,DTW,SFO,588.6,false,1,2096.0,false,12,6,6,1
2022-09-02,2022-09-03,DEN,MIA,370.6,false,5,1765.0,false,1,6,9,5
2022-08-31,2022-10-01,LAX,LGA,307.2,false,9,3423.0,true,31,6,10,3
2022-08-27,2022-09-25,PHL,OAK,735.71,false,7,3045.0,false,29,0,9,6
2022-08-07,2022-08-27,ORD,MIA,233.6,false,4,1824.0,false,20,6,8,0
2022-08-26,2022-09-29,DTW,DFW,437.6,false,6,1039.0,false,34,4,9,5
2022-10-01,2022-10-14,JFK,OAK,417.6,false,3,3083.0,false,13,5,10,6
2022-09-12,2022-09-18,LAX,DTW,401.19,false,1,1985.0,false,6,0,9,1
2022-08-20,2022-10-07,ORD,LGA,180.1,false,7,1137.0,true,48,5,10,6
2022-08-11,2022-09-22,LGA,LAX,232.6,false,5,2465.0,false,42,4,9,4
2022-07-25,2022-08-28,SFO,BOS,628.6,true,7,2698.0,false,34,0,8,1
2022-07-28,2022-09-13,BOS,LAX,209.1,false,5,2804.0,false,47,2,9,4
2022-08-20,2022-08-31,BOS,OAK,566.1,false,9,3323.0,false,11,3,8,6
2022-09-11,2022-09-26,DFW,LGA,128.6,true,7,1380.0,true,15,1,9,0
2022-08-07,2022-09-21,ORD,PHL,164.61,false,4,1854.0,false,45,3,9,0
2022-06-26,2022-07-30,IAD,DFW,394.59,false,4,1266.0,false,34,6,7,0
2022-09-07,2022-09-13,ORD,EWR,375.6,false,9,1362.0,false,6,2,9,3
2022-06-15,2022-06-29,DEN,LGA,357.6,false,9,1627.0,false,14,3,6,3
2022-09-11,2022-09-28,SFO,JFK,178.6,true,7,2566.0,true,17,3,9,0
2022-04-21,2022-04-29,BOS,LAX,292.2,false,2,2643.0,false,8,5,4,4
2022-05-27,2022-05-30,LAX,DFW,294.6,false,7,1498.0,false,3,1,5,5
2022-06-02,2022-06-26,DEN,BOS,501.6,false,5,1806.0,false,24,0,6,4
2022-07-24,2022-08-03,IAD,JFK,372.6,false,7,891.0,false,10,3,8,0
2022-07-15,2022-09-02,LAX,SFO,113.6,true,9,339.0,true,49,5,9,5
2022-04-28,2022-06-17,SFO,ORD,407.19,false,2,1857.0,false,50,5,6,4
2022-06-10,2022-07-05,DFW,PHL,298.59,true,2,1298.0,false,25,2,7,5
2022-05-13,2022-07-12,CLT,JFK,256.1,false,7,591.0,false,60,2,7,5
2022-07-18,2022-08-10,OAK,DEN,507.2,false,7,1689.0,false,23,3,8,1
2022-07-05,2022-07-06,PHL,LAX,370.6,false,7,2417.0,false,1,3,7,2
2022-06-29,2022-07-03,BOS,ATL,318.6,false,9,947.0,false,4,0,7,3
2022-08-14,2022-09-21,MIA,LGA,78.6,true,9,1104.0,true,38,3,9,0
2022-06-22,2022-07-09,DEN,LGA,367.6,false,4,1623.0,false,17,6,7,3
2022-10-05,2022-10-25,PHL,LGA,255.6,false,9,1428.0,true,20,2,10,3
2022-07-24,2022-08-17,CLT,EWR,287.1,false,3,990.0,false,24,3,8,0
2022-07-13,2022-07-20,OAK,MIA,1252.1,false,7,3277.0,false,7,3,7,3
2022-09-04,2022-09-09,EWR,SFO,353.6,true,7,2566.0,false,5,5,9,0
2022-08-07,2022-09-16,CLT,MIA,307.1,true,7,652.0,false,40,5,9,0
2022-07-21,2022-09-07,BOS,DFW,191.6,false,7,1565.0,false,48,3,9,4
2022-06-05,2022-06-24,EWR,BOS,118.6,true,9,185.0,true,19,5,6,0
2022-06-12,2022-06-13,PHL,IAD,627.2,false,4,1208.0,false,1,1,6,0
2022-09-19,2022-10-02,ORD,DTW,248.6,true,5,240.0,false,13,0,10,1
2022-09-16,2022-10-18,SFO,DEN,126.2,false,9,1187.0,true,32,2,10,5
2022-06-28,2022-07-25,JFK,ORD,553.47,true,7,720.0,false,27,1,7,2
2022-07-04,2022-07-07,DFW,SFO,213.98,true,4,1468.0,false,3,4,7,1
2022-10-04,2022-11-10,DFW,MIA,333.2,false,9,2470.0,true,37,4,11,2
2022-08-14,2022-08-29,LAX,DEN,305.7,false,7,2035.0,true,15,1,8,0
2022-07-26,2022-08-04,DTW,CLT,179.6,false,7,1030.0,false,9,4,8,2
2022-09-14,2022-09-22,DEN,BOS,367.2,false,7,1806.0,false,8,4,9,3
2022-07-30,2022-08-17,OAK,SFO,131.61,false,2,677.0,false,18,3,8,6
2022-05-21,2022-07-14,ORD,LGA,193.6,true,7,720.0,false,54,4,7,6
2022-06-15,2022-06-23,CLT,DFW,327.1,false,2,1432.0,false,8,4,6,3
2022-08-28,2022-09-12,ATL,DFW,458.6,true,5,725.0,false,15,1,9,0
2022-05-20,2022-06-01,DFW,BOS,372.6,false,7,1565.0,false,12,3,6,5
2022-07-29,2022-09-20,OAK,MIA,576.1,false,7,4173.0,false,53,2,9,5
2022-04-27,2022-06-04,CLT,LAX,332.11,false,9,2464.0,false,38,6,6,3
2022-05-27,2022-07-12,PHL,MIA,153.6,true,6,1016.0,false,46,2,7,5
2022-04-22,2022-06-07,LAX,CLT,370.6,false,5,3003.0,false,46,2,6,5
2022-06-29,2022-07-30,IAD,DFW,394.59,false,3,1266.0,false,31,6,7,3
2022-09-07,2022-09-28,ORD,ATL,149.6,false,7,1135.0,true,21,3,9,3
2022-07-06,2022-08-09,LAX,IAD,328.6,true,6,2295.0,false,34,2,8,3
2022-09-05,2022-10-21,BOS,DEN,226.1,false,6,2074.0,false,46,5,10,1
2022-04-20,2022-05-29,DEN,MIA,442.2,false,3,2725.0,false,39,0,5,3
2022-07-13,2022-08-05,SFO,CLT,317.69,false,7,2684.0,false,23,5,8,3
2022-05-02,2022-05-13,ATL,DFW,248.6,true,9,725.0,false,11,5,5,1
2022-07-29,2022-08-08,ATL,PHL,200.6,false,7,1612.0,false,10,1,8,5
2022-07-30,2022-09-21,MIA,ATL,127.6,false,3,1464.0,false,53,3,9,6
2022-07-27,2022-08-27,ATL,JFK,218.6,true,8,762.0,false,31,6,8,3
2022-09-19,2022-10-09,EWR,PHL,190.2,false,7,1166.0,true,20,0,10,1
2022-06-22,2022-08-13,ATL,SFO,497.2,false,7,2308.0,false,52,6,8,3
2022-06-06,2022-06-07,LGA,CLT,228.6,true,7,545.0,false,1,2,6,1
2022-06-09,2022-07-14,BOS,OAK,831.98,false,7,3161.0,false,35,4,7,4
2022-08-21,2022-09-10,ORD,JFK,482.19,false,9,1047.0,false,20,6,9,0
2022-10-03,2022-11-14,JFK,ORD,531.6,false,9,1938.0,false,42,1,11,1
2022-05-23,2022-05-29,PHL,DFW,293.1,false,7,1379.0,false,6,0,5,1
2022-09-04,2022-10-05,MIA,DFW,211.6,false,7,1289.0,true,31,3,10,0
2022-08-11,2022-08-12,DFW,SFO,305.61,false,9,1604.0,false,1,5,8,4
2022-07-15,2022-08-17,SFO,DFW,368.6,true,7,1468.0,false,33,3,8,5
2022-06-16,2022-06-19,ORD,SFO,518.6,true,6,1847.0,false,3,0,6,4
2022-07-10,2022-08-26,EWR,ORD,197.73,false,9,815.0,true,47,5,8,0
2022-09-03,2022-10-10,LAX,MIA,377.6,false,5,2341.0,false,37,1,10,6
2022-05-18,2022-06-10,EWR,OAK,622.2,false,2,2808.0,false,23,5,6,3
2022-06-11,2022-07-12,EWR,ATL,191.58,false,0,762.0,false,31,2,7,6
2022-06-29,2022-07-25,DEN,ORD,289.6,false,3,1740.0,false,26,1,7,3
2022-08-20,2022-08-22,EWR,SFO,362.6,false,9,2575.0,true,2,1,8,6
2022-06-03,2022-06-11,BOS,EWR,148.6,true,3,185.0,false,8,6,6,5
2022-06-08,2022-07-03,ORD,LAX,500.2,false,5,2211.0,false,25,0,7,3
2022-08-19,2022-08-30,ATL,LGA,122.6,false,9,762.0,true,11,2,8,5
2022-07-15,2022-09-10,ATL,SFO,491.59,false,7,2967.0,false,57,6,9,5
2022-06-27,2022-08-21,SFO,LAX,108.6,true,9,339.0,true,55,0,8,1
2022-09-02,2022-09-20,ORD,JFK,501.6,false,9,1011.0,false,18,2,9,5
2022-06-12,2022-07-15,DTW,IAD,148.6,true,2,391.0,false,33,5,7,0
2022-05-28,2022-07-22,JFK,BOS,79.61,true,3,185.0,false,55,5,7,6
2022-07-02,2022-08-03,CLT,ORD,148.1,false,9,745.0,true,32,3,8,6
2022-07-27,2022-09-08,DTW,BOS,238.6,true,9,622.0,false,43,4,9,3
2022-07-13,2022-07-20,LGA,BOS,153.6,true,7,185.0,false,7,3,7,3
2022-10-03,2022-10-14,DTW,IAD,175.6,true,7,391.0,false,11,5,10,1
2022-09-15,2022-09-20,JFK,DFW,192.6,false,9,1487.0,true,5,2,9,4
2022-08-08,2022-08-19,EWR,ATL,258.6,true,9,762.0,false,11,5,8,1
2022-07-27,2022-09-21,ATL,ORD,154.6,false,3,1788.0,false,56,3,9,3
2022-07-02,2022-07-19,LAX,EWR,445.6,false,2,2509.0,false,17,2,7,6
2022-06-16,2022-08-03,SFO,BOS,371.6,true,7,2698.0,false,48,3,8,4
2022-04-19,2022-05-20,MIA,OAK,713.1,false,9,3014.0,false,31,5,5,2
2022-07-24,2022-08-09,BOS,LAX,477.61,false,4,2643.0,false,16,2,8,0
2022-06-04,2022-07-27,OAK,ORD,497.2,false,7,2395.0,false,53,3,7,6
2022-04-22,2022-05-04,CLT,ORD,180.1,false,7,1265.0,false,12,3,5,5
2022-06-26,2022-08-20,PHL,DTW,491.6,false,4,582.0,false,55,6,8,0
2022-09-05,2022-09-28,LGA,SFO,137.6,false,9,2567.0,true,23,3,9,1
2022-06-20,2022-07-19,IAD,LGA,265.69,false,7,872.0,false,29,2,7,1
2022-05-10,2022-05-21,ORD,EWR,164.6,true,7,720.0,false,11,6,5,2
2022-09-12,2022-10-23,EWR,DFW,372.6,true,5,1380.0,false,41,0,10,1
2022-08-03,2022-09-06,JFK,MIA,601.7,false,9,1633.0,false,34,2,9,3
2022-09-04,2022-10-21,DFW,LGA,148.6,true,9,1380.0,true,47,5,10,0
2022-07-07,2022-08-31,LGA,LAX,237.6,false,4,2469.0,false,55,3,8,4
2022-04-16,2022-04-25,ORD,LAX,319.58,false,0,1810.0,false,9,1,4,6
2022-07-05,2022-07-28,EWR,DFW,168.61,true,7,1380.0,true,23,4,7,2
2022-04-26,2022-05-23,DEN,PHL,588.6,false,9,1874.0,false,27,1,5,2
2022-09-07,2022-09-17,IAD,CLT,180.6,false,9,769.0,false,10,6,9,3
2022-04-25,2022-06-06,CLT,BOS,177.1,true,7,728.0,false,42,1,6,1
2022-05-06,2022-05-24,LGA,SFO,507.6,false,3,2575.0,false,18,2,5,5
2022-05-29,2022-06-25,OAK,SFO,426.61,false,4,677.0,false,27,6,6,0
2022-06-29,2022-07-13,OAK,ORD,566.1,false,7,2396.0,false,14,3,7,3
2022-08-17,2022-09-15,MIA,OAK,587.1,false,5,4078.0,false,29,4,9,3
2022-06-27,2022-08-10,ATL,DFW,211.6,false,9,924.0,false,44,3,8,1
2022-05-22,2022-07-05,EWR,IAD,442.68,false,7,872.0,false,44,2,7,0
2022-08-21,2022-09-12,CLT,ORD,216.2,false,9,1592.0,true,22,1,9,0
2022-04-27,2022-06-06,DFW,PHL,299.61,false,4,1835.0,false,40,1,6,3
2022-06-25,2022-07-30,SFO,EWR,571.6,false,5,3076.0,false,35,6,7,6
2022-07-29,2022-09-20,SFO,DTW,347.21,false,7,3051.0,false,53,2,9,5
2022-04-21,2022-05-10,DTW,OAK,212.68,false,0,2328.0,false,19,2,5,4
2022-07-22,2022-08-11,LGA,DTW,200.6,false,4,612.0,false,20,4,8,5
2022-07-18,2022-08-30,SFO,BOS,308.6,false,7,2751.0,false,43,2,8,1
2022-08-18,2022-09-01,EWR,DEN,256.58,false,0,1694.0,false,14,4,9,4
2022-08-30,2022-09-13,SFO,EWR,212.6,false,7,2791.0,true,14,2,9,2
2022-10-02,2022-11-19,MIA,DEN,224.6,false,7,2727.0,false,48,6,11,0
2022-08-04,2022-08-08,LGA,PHL,472.6,false,4,1436.0,false,4,1,8,4
2022-08-06,2022-09-03,DEN,LGA,359.01,false,4,2501.0,false,28,6,9,6
2022-05-05,2022-05-22,LGA,SFO,757.2,false,8,2897.0,false,17,0,5,4
2022-07-02,2022-07-17,EWR,SFO,477.61,false,2,2647.0,false,15,0,7,6
2022-04-21,2022-05-31,ORD,OAK,431.6,false,1,2395.0,false,40,2,5,4
2022-04-26,2022-05-07,EWR,ORD,144.6,true,9,720.0,true,11,6,5,2
2022-07-13,2022-09-03,LGA,ATL,119.58,false,0,762.0,false,52,6,9,3
2022-08-15,2022-08-17,ATL,DTW,258.6,false,3,932.0,false,2,3,8,1
2022-08-13,2022-08-17,OAK,EWR,554.6,false,9,2796.0,false,4,3,8,6
2022-06-18,2022-07-18,IAD,DFW,410.6,true,7,1177.0,false,30,1,7,6
2022-08-02,2022-08-12,DFW,DTW,418.1,false,5,1883.0,false,10,5,8,2
2022-09-01,2022-09-12,ATL,IAD,298.6,true,9,541.0,false,11,1,9,4
2022-05-05,2022-06-23,DFW,EWR,332.61,false,7,1519.0,false,49,4,6,4
2022-05-08,2022-06-18,DTW,ATL,408.6,false,1,932.0,false,41,6,6,0
2022-08-24,2022-09-22,LAX,DEN,362.1,false,7,919.0,false,29,4,9,3
2022-07-17,2022-07-20,PHL,EWR,381.2,false,7,1392.0,false,3,3,7,0
2022-09-15,2022-11-08,ORD,DEN,133.11,false,7,1938.0,true,54,2,11,4
2022-08-24,2022-09-20,OAK,PHL,545.7,false,9,2755.0,false,27,2,9,3
2022-09-23,2022-10-27,BOS,LAX,263.61,false,7,2607.0,false,34,4,10,5
2022-06-09,2022-06-13,CLT,LGA,316.1,false,3,548.0,false,4,1,6,4
2022-09-28,2022-10-31,JFK,LAX,358.6,true,3,2458.0,false,33,1,10,3
2022-09-02,2022-10-01,DFW,LAX,76.58,false,0,1456.0,false,29,6,10,5
2022-08-01,2022-08-19,DFW,JFK,241.6,false,7,1741.0,false,18,5,8,1
2022-09-18,2022-11-03,MIA,SFO,263.6,true,9,2582.0,false,46,4,11,0
2022-07-26,2022-08-25,ORD,LGA,102.6,false,7,1136.0,false,30,4,8,2
2022-09-12,2022-10-05,BOS,DTW,148.6,true,9,622.0,true,23,3,10,1
2022-05-07,2022-06-20,OAK,SFO,381.61,false,7,1093.0,false,44,1,6,6
2022-08-22,2022-10-01,ORD,LGA,103.6,true,7,720.0,true,40,6,10,1
2022-07-17,2022-09-07,LGA,OAK,596.1,false,9,2803.0,false,52,3,9,0
2022-04-23,2022-05-15,ORD,LGA,298.6,true,9,720.0,false,22,0,5,6
2022-08-22,2022-09-25,ATL,SFO,321.6,false,7,2857.0,true,34,0,9,1
2022-05-03,2022-06-27,DEN,IAD,548.6,false,9,1533.0,false,55,1,6,2
2022-09-17,2022-10-01,BOS,SFO,319.6,true,1,2698.0,false,14,6,10,6
